"asset_ID","Land_size","Land_value","Land_Value_bySize","MT1","CS2","PS3","SC4","AC5","PK6","OL7","SW8","BK9","CT1","AG2","PO3","AT4","AD5","FD6","CE7","HP8","PM9"
187305,323,35207000,10.9,0,5,9,1,7,0,0,0,1,0,12,2,1,1,40,2,2,2
187296,1012,110308000,10.9,0,4,9,1,7,0,0,0,1,0,12,2,1,1,42,2,2,2
184682,1870.55,193081800,10.3221940071102,1,6,8,2,13,2,1,0,1,0,24,0,2,0,41,18,1,0
400,61,25620000,42,0,3,3,1,3,1,1,0,1,0,14,0,0,0,28,16,0,0
181488,4,1680000,42,0,3,3,1,3,1,1,0,1,0,14,0,0,0,28,16,0,0
403,2,276000,13.8,0,3,4,1,3,1,1,0,1,0,17,0,0,0,29,16,0,0
181490,38,5244000,13.8,0,3,3,1,3,1,1,0,1,0,18,0,0,0,30,15,0,0
97812,4,696000,17.4,0,3,3,1,3,1,1,0,1,0,18,0,0,0,30,15,0,0
224,6659.6,5614042800,84.3,2,12,34,5,46,3,1,1,9,0,38,1,0,0,204,21,18,8
185791,28,5478640,19.5665714285714,0,0,0,0,0,0,0,0,0,0,0,0,0,0,0,0,0,0
185789,215,42068190,19.5666,0,0,0,0,0,0,0,0,0,0,0,0,0,0,0,0,0,0
185788,647,126595900,19.566599690881,0,0,0,0,0,0,0,0,0,0,0,0,0,0,0,0,0,0
185792,1667,326175220,19.566599880024,0,0,0,0,0,0,0,0,0,0,0,0,0,0,0,0,0,0
188312,1132,253779000,22.4186395759717,0,0,0,0,0,0,0,0,0,0,0,0,0,0,0,0,0,0
188311,236,52628000,22.3,0,0,0,0,0,0,0,0,0,0,0,0,0,0,0,0,0,0
188310,1151,258016000,22.4166811468288,0,0,0,0,0,0,0,0,0,0,0,0,0,0,0,0,0,0
188309,61,13359000,21.9,0,0,0,0,0,0,0,0,0,0,0,0,0,0,0,0,0,0
190072,1795,403971930,22.5054,0,0,0,0,0,0,0,0,0,0,0,0,0,0,0,0,0,0
185922,37,8103000,21.9,0,0,0,0,0,0,0,0,0,0,0,0,0,0,0,0,0,0
186000,1646,367058000,22.3,0,0,0,0,0,0,0,0,0,0,0,0,0,0,0,0,0,0
160937,78,6786000,8.7,0,1,0,0,0,3,4,0,0,0,1,0,0,0,3,0,0,0
160936,189,16443000,8.7,0,1,0,0,0,3,4,0,0,0,1,0,0,0,3,0,0,0
160935,120,10440000,8.7,0,1,0,0,0,3,4,0,0,0,1,0,0,0,3,0,0,0
908,9258,440680800,4.76,0,2,8,0,5,0,0,0,0,0,4,0,2,0,3,2,0,0
172880,1222,100570600,8.23,0,2,7,0,5,0,0,0,0,0,7,0,1,0,3,2,0,0
166416,1243,102298900,8.23,0,2,9,0,6,0,0,0,0,0,3,0,2,0,3,1,0,0
614,2,180000,9,0,0,8,0,3,1,0,0,0,0,1,0,2,0,2,1,0,0
166403,27,3591000,13.3,0,0,10,0,5,1,0,0,0,0,2,0,2,0,2,1,0,0
166404,66,8910000,13.5,0,0,9,0,3,2,0,0,0,0,0,0,2,0,1,1,0,0
187304,90,9810000,10.9,0,5,9,1,7,0,0,0,1,0,12,2,2,1,41,2,2,2
461,1310,142790000,10.9,0,5,9,1,7,0,0,0,1,0,12,2,1,1,40,2,2,1
187300,1745,190205000,10.9,0,4,8,1,7,0,0,0,1,0,10,2,2,1,30,2,1,2
166179,49,3993500,8.15,0,0,2,0,0,0,0,0,0,0,0,0,0,0,6,1,0,0
186423,129,10513500,8.15,0,0,2,0,0,0,0,0,0,0,0,0,0,0,6,1,0,0
186425,141,11491500,8.15,0,0,2,0,0,0,0,0,0,0,0,0,0,0,6,1,0,0
186427,120,9780000,8.15,0,0,2,0,0,0,0,0,0,0,0,0,0,0,6,1,0,0
187335,87,7090500,8.15,0,0,2,0,0,0,0,0,0,0,0,0,0,0,6,1,0,0
1019,3402,277263000,8.15,0,0,2,0,0,0,0,0,0,0,0,0,1,0,5,1,0,0
1020,7,1008000,14.4,0,0,2,1,0,0,0,0,0,0,0,0,2,0,6,1,0,0
704,94,8366000,8.9,0,0,2,0,0,0,0,0,0,0,4,0,0,0,1,0,0,0
705,1035,92632500,8.95,0,0,2,0,0,0,0,0,0,0,0,0,0,0,0,0,0,0
707,53,4743500,8.95,0,0,2,0,0,0,0,0,0,0,2,0,0,0,0,0,0,0
708,337,30161500,8.95,0,0,2,0,0,0,0,0,0,0,2,0,0,0,0,0,0,0
709,440,39380000,8.95,0,0,2,0,0,0,0,0,0,0,2,0,0,0,1,0,0,0
710,481,43049500,8.95,0,0,1,0,0,0,0,0,0,0,0,0,0,0,0,0,0,0
711,570,51015000,8.95,0,0,1,0,0,0,0,0,0,0,0,0,0,0,0,0,0,0
712,829,74195500,8.95,0,0,1,0,0,0,0,0,0,0,0,0,0,0,0,0,0,0
713,97,8681500,8.95,0,0,1,0,0,0,0,0,0,0,0,0,0,0,0,0,0,0
1021,12,1728000,14.4,0,0,2,0,0,0,0,0,0,0,0,0,1,0,4,0,0,0
1022,680,97929000,14.4013235294118,0,0,2,0,0,0,0,0,0,0,0,0,1,0,4,0,0,0
1023,120,17280000,14.4,0,0,2,0,0,0,0,0,0,0,0,0,1,0,6,0,0,0
1024,279,40176000,14.4,0,0,2,0,0,0,0,0,0,0,0,0,1,0,6,1,0,0
1025,122,17568000,14.4,0,0,2,1,0,0,0,0,0,0,0,0,2,0,7,1,0,0
464,142,15478000,10.9,0,4,6,2,6,0,0,0,1,0,11,2,2,1,28,4,0,3
187298,753,82077000,10.9,0,4,6,1,7,0,0,0,1,0,11,2,2,1,32,4,1,3
801,129,2167200,1.68,0,1,0,0,1,0,1,0,0,0,1,1,0,0,3,1,0,0
32,1072,96480000,9,0,9,11,1,17,3,2,0,3,1,28,2,1,4,100,19,4,2
48,14504,4742808000,32.7,0,7,14,1,12,5,1,0,1,1,21,1,1,5,83,14,25,10
20,24,1132800,4.72,0,7,11,1,12,5,1,0,1,1,20,1,1,5,77,12,24,10
21,281,42431000,15.1,0,9,11,1,19,3,2,0,3,1,31,1,0,4,111,19,6,2
49,2113,1941847000,91.9,0,11,12,0,16,4,2,0,3,2,30,1,0,5,102,18,14,6
782,671,7917800,1.18,0,3,8,1,6,0,1,0,1,0,9,1,0,0,10,2,0,0
783,251,2961800,1.18,0,2,5,1,3,0,1,0,1,0,7,1,0,0,9,2,0,0
784,115,1932000,1.68,0,2,6,1,5,0,1,0,1,0,7,1,0,0,9,2,0,0
785,124,2083200,1.68,0,2,6,1,5,0,1,0,1,0,7,1,0,0,9,2,0,0
786,170,2006000,1.18,0,2,4,1,3,0,2,0,1,0,7,1,0,0,9,2,0,0
787,1094,18379200,1.68,0,2,4,1,3,0,1,0,1,0,7,1,0,0,9,2,0,0
788,26,436800,1.68,0,2,4,1,3,0,2,0,1,0,7,1,0,0,9,2,0,0
789,294,4939200,1.68,0,2,4,1,3,0,1,0,1,0,7,1,0,0,8,2,0,0
790,1821,21487800,1.18,0,2,4,1,3,0,1,0,1,0,7,1,0,0,9,2,0,0
791,265,3127000,1.18,0,2,4,1,3,0,1,0,1,0,7,1,0,0,9,2,0,0
792,269,3174200,1.18,0,2,5,1,3,0,1,0,1,0,7,1,0,0,8,2,0,0
795,705,82659000,11.7246808510638,0,2,4,1,3,0,1,0,1,0,7,1,0,0,8,2,0,0
793,542,6395600,1.18,0,2,3,1,3,0,1,0,1,0,7,1,0,0,8,2,0,0
794,376,4436800,1.18,0,2,4,1,3,0,1,0,1,0,7,1,0,0,8,2,0,0
796,536,9004800,1.68,0,2,2,1,3,0,1,0,1,0,7,1,0,0,8,2,0,0
798,21,352800,1.68,0,2,4,1,3,0,1,0,1,0,5,1,0,0,8,2,0,0
799,1295,21759000,1.68023166023166,0,2,1,0,3,0,1,0,1,0,4,1,0,0,8,2,0,0
800,357,5997600,1.68,0,2,1,0,3,0,1,0,1,0,4,1,0,0,8,2,0,0
97865,564.4,251158000,44.5,1,5,24,2,24,2,1,0,1,0,29,0,0,0,101,7,10,3
97866,1749.3,778438500,44.5,1,5,24,1,24,2,1,0,1,0,29,0,0,0,101,7,10,3
183833,44123.4,44123400,0.1,1,3,8,1,5,1,2,0,1,0,13,1,1,0,46,5,2,1
81,951,662847000,69.7,2,7,1,1,20,14,4,0,9,1,18,2,2,1,163,64,23,4
83,385,276391500,71.79,2,6,1,1,12,13,4,0,8,1,15,2,2,1,166,62,18,4
115,781,377483330,48.3333329065301,1,7,2,0,1,12,4,0,5,0,10,0,1,0,100,35,5,0
116,1123,549823800,48.960267141585,1,6,2,0,1,12,3,0,5,0,9,0,2,0,88,32,5,0
117,1662,816319000,49.1166666666667,1,8,2,0,1,11,4,0,7,0,15,0,1,0,108,35,6,1
118,262,135192000,51.6,1,8,2,0,1,11,4,0,7,0,15,0,1,0,106,35,6,1
802,294,4939200,1.68,0,1,0,0,0,0,1,0,0,0,0,1,0,0,1,1,0,0
803,188,3158400,1.68,0,2,4,1,3,0,1,0,1,0,7,1,0,0,8,2,0,0
805,488,8198400,1.68,0,2,4,1,3,0,1,0,1,0,7,1,0,0,8,2,0,0
806,13,218400,1.68,0,1,0,0,1,0,1,0,0,0,2,1,0,0,3,1,0,0
807,126,2116800,1.68,0,1,0,0,1,0,1,0,0,0,2,1,0,0,3,1,0,0
808,71,1192800,1.68,0,2,4,1,3,0,1,0,1,0,5,1,0,0,8,2,0,0
804,260,4368000,1.68,0,2,4,1,3,0,1,0,1,0,7,1,0,0,8,2,0,0
809,79,5712000,7.23037974683544,0,2,3,1,3,0,1,0,1,0,4,1,0,0,8,1,0,0
810,112,51969000,46.4008928571429,0,2,3,1,3,0,1,0,1,0,4,1,0,0,8,1,0,0
811,1019,76245000,7.48233562315996,0,0,0,0,0,0,0,0,0,0,0,0,0,0,0,0,0,0
812,1495,64464000,4.31197324414716,0,0,0,0,0,0,0,0,0,0,0,0,0,0,0,0,0,0
813,1264,14994000,1.18623417721519,0,0,0,0,0,0,0,0,0,0,0,0,0,0,0,0,0,0
814,294,41310000,14.0510204081633,0,0,0,0,0,0,0,0,0,0,0,0,0,0,0,0,0,0
817,230,13515000,5.87608695652174,0,0,0,0,0,0,0,0,0,0,0,0,0,0,0,0,0,0
149170,2019,4848079880,240.12282714215,0,8,18,6,23,10,2,0,1,2,45,17,1,1,136,21,7,6
93358,13682.1,1128773250,8.25,0,5,21,4,34,2,1,0,4,0,24,1,0,0,63,9,16,6
97836,535.6,44187000,8.25,0,4,25,5,28,2,1,0,4,0,20,1,1,0,71,6,14,5
97871,33519.2,6737359200,20.1,2,4,16,4,42,5,0,0,3,0,21,1,1,0,110,19,15,5
47,2050.4,1156425600,56.4,0,8,21,1,25,7,3,0,3,0,26,4,0,0,181,9,7,4
90809,1045.5,2900217000,277.4,0,32,7,0,16,26,2,0,16,3,43,0,1,52,699,71,31,12
329,3920.1,9251436000,236,0,21,9,3,35,15,0,1,16,10,47,0,1,38,335,47,47,7
160934,155,20305000,13.1,0,13,13,3,24,0,1,0,5,0,35,0,0,1,200,17,9,5
160933,34,4454000,13.1,0,13,12,2,32,0,1,0,5,0,36,0,0,1,199,18,12,7
160932,78,10218000,13.1,0,13,12,2,32,0,1,0,5,0,36,0,0,1,198,18,12,7
160931,93,12183000,13.1,0,14,12,2,31,0,1,0,5,0,36,0,0,1,199,18,12,7
160930,23,3013000,13.1,0,12,15,4,26,0,1,0,5,0,25,1,0,1,160,14,14,7
3,629,99382000,15.8,1,12,15,3,17,16,1,0,5,2,40,26,0,20,148,20,10,6
1,309,297876000,96.4,1,8,10,3,8,11,0,0,4,2,16,24,1,2,70,6,18,6
2,28577,39150490000,137,0,5,14,4,5,11,0,0,2,2,12,24,1,0,52,5,3,1
1157,13.5,2.7e+07,200,2,13,30,1,47,10,0,1,8,1,27,0,2,0,159,23,27,9
155226,25.5,5.1e+07,200,2,13,29,1,47,10,0,1,9,1,29,0,2,0,158,24,28,9
185336,45,39650810,88.1129111111111,0,2,9,1,15,1,0,0,0,0,12,1,0,0,52,1,4,2
172864,4,932000,23.3,0,2,14,2,17,1,0,0,0,0,15,1,0,0,56,2,4,2
166390,92,20516000,22.3,0,2,15,2,17,1,0,0,0,0,15,1,0,0,56,2,4,2
184050,208,208000,0.1,0,2,12,2,15,1,0,0,0,0,10,1,0,0,50,2,4,2
531,438,21199200,4.84,0,0,1,0,0,0,0,0,0,0,1,0,0,0,1,0,0,0
818,265,41310000,15.588679245283,0,0,0,0,0,0,0,0,0,0,0,0,0,0,0,0,0,0
228,1605.9,1911021000,119,2,6,27,4,69,7,0,1,10,1,19,2,0,2,137,28,49,7
52,3473,5278960000,152,1,6,4,1,12,10,1,0,3,0,29,3,0,0,42,15,7,1
53,980,1489600000,152,1,6,3,0,12,10,1,0,3,0,28,2,0,0,40,15,7,1
182579,10105.7,10100,9.99435961882898e-05,1,9,2,1,12,4,4,0,6,1,18,0,2,1,139,52,18,3
194,1502,590810000,39.3348868175766,1,6,1,0,2,10,2,0,4,0,23,0,0,0,65,24,5,0
195,3670,1058382000,28.8387465940054,1,6,1,0,2,10,2,0,4,0,22,0,2,0,68,29,5,0
196,13882,3935100750,28.3467854055612,3,9,2,2,22,14,4,0,11,0,36,3,1,0,146,56,25,5
193,14570,3745224660,25.7050422786548,3,8,2,1,22,12,4,0,11,0,36,2,0,0,135,54,24,5
183834,40945.3,40945300,0.1,1,6,24,0,40,2,2,0,5,0,26,2,1,0,154,23,28,10
183835,124.6,124600,0.1,1,4,14,0,30,2,2,0,5,0,14,2,2,0,85,15,26,8
183836,11929.1,11929100,0.1,0,1,8,1,3,2,2,0,0,0,5,0,2,0,36,5,0,1
183837,15868.4,15868400,0.1,1,1,1,0,1,0,0,0,5,1,24,0,5,1,21,8,3,1
97858,68,4624000,6.8,0,16,3,1,17,8,1,0,5,0,23,0,1,0,213,81,0,1
97859,60,5916000,9.86,0,16,3,0,16,6,1,0,6,0,19,0,0,0,208,80,0,0
97863,701,47668000,6.8,0,16,3,2,15,9,1,0,8,0,23,0,1,0,231,81,0,1
51,198,300960000,152,1,6,3,0,12,10,1,0,3,0,28,2,0,0,41,15,7,1
50,2794,4246880000,152,0,5,3,0,7,11,1,0,3,0,22,2,0,0,21,12,1,1
91090,380,577600000,152,0,3,2,0,0,10,1,0,3,0,6,0,2,0,28,18,0,0
191,58,5258660,9.06665517241379,1,5,3,0,0,11,2,0,3,0,7,0,2,0,42,21,3,0
192,178,12816000,7.2,0,3,2,0,0,10,1,0,3,0,1,0,2,0,25,12,0,0
180364,702.7,542758502,77.2390069731037,0,5,3,0,0,10,1,0,4,1,6,0,5,0,53,19,1,0
180365,82.7,63876658,77.2390060459492,1,5,3,0,0,12,3,0,5,0,8,0,4,0,79,24,3,0
180366,10,7723900,77.239,1,5,2,0,0,12,3,0,5,0,7,0,3,0,84,30,3,0
180367,452.5,349506507,77.2390070718232,1,9,2,0,1,13,4,0,6,0,12,0,1,0,114,36,5,0
180368,3.7,2857843,77.239,1,8,1,1,10,14,4,0,9,1,19,0,2,0,147,47,15,3
180369,17.6,13594065,77.2390056818182,1,8,1,1,11,13,4,0,8,1,19,0,2,0,137,47,17,3
6,215,127925000,59.5,1,8,10,1,39,14,1,0,5,4,28,25,0,13,165,35,14,8
7,2150,268750000,12.5,1,8,10,1,43,14,1,0,6,4,26,25,0,19,184,34,15,9
96610,132,83424000,63.2,1,9,10,1,44,14,1,0,6,4,28,26,0,21,205,35,15,10
179,707,557760000,78.8910891089109,1,4,3,0,0,11,1,0,4,0,5,0,4,0,49,19,3,0
180,857,356469150,41.595,1,3,3,0,0,11,1,0,3,0,3,0,3,0,42,18,3,0
91089,1117,1697840000,152,0,3,2,0,0,10,1,0,3,0,4,0,2,0,30,19,0,0
181,56,23293200,41.595,0,3,2,0,0,11,1,0,3,0,2,0,2,0,26,12,0,0
182,1686,2.64e+08,15.6583629893238,1,4,3,0,0,11,2,0,5,0,7,0,4,0,58,22,3,0
183,532,99220000,18.6503759398496,1,4,3,0,0,11,1,0,4,0,6,0,4,0,49,19,3,0
184,70,15330000,21.9,2,6,1,1,19,13,4,0,9,1,17,2,2,1,164,64,22,4
185,508,46228000,9.1,1,6,2,0,1,11,3,0,5,0,10,0,3,0,67,29,5,0
186,73,49786000,68.2,1,8,2,0,2,11,3,0,6,0,15,0,1,0,90,32,6,0
166389,19,5282000,27.8,0,2,9,1,15,1,0,0,0,0,13,1,0,0,52,1,4,2
166388,2,1582000,79.1,0,2,9,1,15,1,0,0,0,0,13,1,0,0,52,1,4,2
166378,774,153252000,19.8,0,2,8,1,11,1,1,0,0,0,10,1,0,0,41,1,4,2
172859,81,21060000,26,0,2,7,1,16,1,1,0,0,0,10,1,0,0,52,1,4,2
172860,1164,2.91e+08,25,0,2,8,1,16,1,1,0,0,0,10,1,0,0,53,1,4,2
172861,484,90992000,18.8,0,1,5,1,3,1,1,0,0,0,6,1,0,0,29,1,4,2
172882,200,4.4e+07,22,0,2,8,1,15,1,1,0,0,0,10,1,0,0,52,1,4,2
172883,106,23320000,22,0,1,4,1,1,1,1,0,0,0,5,1,0,0,28,0,4,2
172863,418,80256000,19.2,0,1,5,1,3,1,1,0,0,0,6,1,0,0,30,1,4,2
166379,13,3874000,29.8,0,2,9,1,16,1,0,0,0,0,12,1,0,0,51,1,4,2
166385,1097,230370000,21,0,1,6,1,6,1,1,0,0,0,9,1,0,0,40,1,4,2
166386,126,37548000,29.8,0,2,9,1,15,1,0,0,0,0,12,1,0,0,52,1,4,2
166387,112,88592000,79.1,0,2,8,1,15,1,0,0,0,0,13,1,0,0,52,1,4,2
184641,60.06,1.2e+08,199.8001998002,1,25,12,0,37,19,0,1,24,6,53,2,1,60,445,70,66,11
184642,72.45,1.4e+08,193.236714975845,0,18,17,2,34,11,0,0,13,4,35,1,1,29,283,40,25,5
184643,72.45,1.35e+08,186.335403726708,0,18,17,2,34,11,0,0,13,4,35,1,1,29,283,40,25,5
189351,60,1.65e+08,275,3,10,24,4,45,5,0,0,5,2,48,2,0,1,147,16,16,9
189353,84,2e+08,238.095238095238,1,4,18,2,28,6,0,0,1,0,19,0,3,0,58,7,4,3
185135,84.73,2.1e+08,247.846099374484,1,7,19,2,30,6,1,0,1,0,21,0,1,0,59,8,5,3
185138,50,8e+07,160,1,11,25,5,36,2,0,0,3,1,23,0,1,1,182,39,8,4
184685,606,423180000,69.8316831683168,0,9,16,0,28,6,3,0,4,3,42,4,2,6,218,30,4,3
147233,59.84,1.3e+08,217.245989304813,1,13,23,4,47,5,2,0,9,5,38,9,0,1,247,33,40,17
183912,59.84,1.5e+08,250.668449197861,1,13,23,4,47,5,2,0,9,5,38,9,0,1,247,33,40,17
188773,59.84,1.8e+08,300.802139037433,1,13,23,4,47,5,2,0,9,5,38,9,0,1,247,33,40,17
183911,59.84,1.95e+08,325.868983957219,1,13,23,4,47,5,2,0,9,5,38,9,0,1,247,33,40,17
179626,59.84,1.85e+08,309.157754010695,1,13,23,4,47,5,2,0,9,5,38,9,0,1,247,33,40,17
177031,59.84,1.85e+08,309.157754010695,1,13,23,4,47,5,2,0,9,5,38,9,0,1,247,33,40,17
160225,59.84,1.95e+08,325.868983957219,1,13,23,4,47,5,2,0,9,5,38,9,0,1,247,33,40,17
173858,59.84,1.6e+08,267.379679144385,1,13,23,4,47,5,2,0,9,5,38,9,0,1,247,33,40,17
702,7,626500,8.95,0,0,1,0,0,0,0,0,0,0,0,0,0,0,0,0,0,0
703,2413,215963500,8.95,0,0,2,0,0,0,0,0,0,0,2,0,0,0,0,0,0,0
608,249,23978700,9.63,0,1,12,0,6,0,0,0,0,0,10,0,0,0,9,0,0,0
166414,304,50464000,16.6,0,2,8,0,5,0,0,0,0,0,7,0,1,0,3,1,0,0
172878,15,1995000,13.3,0,2,9,0,5,0,0,0,0,0,7,0,1,0,4,1,0,0
172877,440,74360000,16.9,0,2,8,0,5,0,0,0,0,0,7,0,1,0,3,1,0,0
649,28,2469600,8.82,0,2,11,0,5,0,0,0,0,0,8,0,1,0,5,1,0,0
172879,105,14805000,14.1,0,2,10,0,5,0,0,0,0,0,8,0,1,0,4,1,0,0
598,390,34398000,8.82,0,2,12,0,5,0,0,0,0,0,9,0,0,0,8,1,0,0
601,3040,292752000,9.63,0,2,12,0,8,0,0,0,1,0,10,0,0,0,11,0,0,0
602,1090,104967000,9.63,0,1,12,0,6,0,0,0,0,0,10,0,0,0,9,0,0,0
603,38,3659000,9.62894736842105,0,1,12,0,5,0,0,0,0,0,9,0,0,0,8,1,0,0
604,122,11748600,9.63,0,1,12,0,5,0,0,0,0,0,9,0,0,0,8,0,0,0
605,7,674100,9.63,0,1,12,0,5,0,0,0,0,0,9,0,0,0,8,1,0,0
606,20,1926000,9.63,0,1,12,0,5,0,0,0,0,0,9,0,0,0,8,1,0,0
607,5,481500,9.63,0,1,12,0,5,0,0,0,0,0,9,0,0,0,8,1,0,0
599,15,1444500,9.63,0,1,12,0,5,0,0,0,0,0,9,0,0,0,8,1,0,0
181492,22,2118600,9.63,0,1,12,0,5,0,0,0,0,0,9,0,0,0,8,1,0,0
181494,14,1348200,9.63,0,1,12,0,5,0,0,0,0,0,9,0,0,0,8,1,0,0
714,289,25865500,8.95,0,0,0,0,0,0,0,0,0,0,0,0,0,0,0,0,0,0
715,1005,89947500,8.95,0,0,0,0,0,0,0,0,0,0,0,0,0,0,0,0,0,0
716,651,58264500,8.95,0,0,0,0,0,0,0,0,0,0,0,0,0,0,0,0,0,0
926,1989,270504000,13.6,0,4,8,0,10,0,0,0,0,0,13,2,2,0,50,0,2,2
956,101,10908000,10.8,0,1,5,1,1,0,0,0,0,0,3,0,1,0,23,2,0,0
957,516,55728000,10.8,0,0,5,1,0,0,0,0,0,0,2,0,1,0,20,2,0,0
960,2969,290368200,9.78,0,0,2,1,0,0,0,0,0,0,2,0,1,0,20,4,0,0
961,1197,117066600,9.78,0,0,1,1,0,0,0,0,0,0,1,0,1,0,17,4,0,0
993,2251,213845000,9.5,0,1,0,0,0,0,0,0,0,0,0,0,1,0,17,2,0,0
994,887,84265000,9.5,0,1,1,0,0,0,0,0,0,0,0,0,1,0,15,2,0,0
995,981,93195000,9.5,0,1,0,0,0,0,0,0,0,0,0,0,1,0,15,2,0,0
996,116,11020000,9.5,0,1,0,0,0,0,0,0,0,0,0,0,0,0,16,2,0,0
997,1742,165490000,9.5,0,1,0,0,0,0,0,0,0,0,0,0,0,0,16,2,0,0
1014,162,13203000,8.15,0,0,2,0,0,0,0,0,0,0,0,0,0,0,6,1,0,0
1015,152,12388000,8.15,0,0,2,0,0,0,0,0,0,0,0,0,0,0,12,2,0,0
1016,134,10921000,8.15,0,0,2,0,0,0,0,0,0,0,0,0,0,0,6,1,0,0
1017,124,10106000,8.15,0,0,2,0,0,0,0,0,0,0,0,0,0,0,9,2,0,0
1018,84,6846000,8.15,0,0,2,0,0,0,0,0,0,0,0,0,0,0,6,1,0,0
166170,53,4319500,8.15,0,0,2,0,0,0,0,0,0,0,0,0,0,0,6,1,0,0
166172,624,50856000,8.15,0,0,2,0,0,0,0,0,0,0,0,0,1,0,6,1,0,0
166174,17,1385500,8.15,0,0,2,0,0,0,0,0,0,0,0,0,0,0,6,1,0,0
166176,171,13936500,8.15,0,0,2,0,0,0,0,0,0,0,0,0,0,0,6,1,0,0
166177,1230,100245000,8.15,0,0,2,0,0,0,0,0,0,0,0,0,1,0,6,1,0,0
924,198,23562000,11.9,0,4,8,0,9,0,0,0,0,0,10,0,2,0,52,2,2,2
922,1963,296413000,15.1,0,4,8,0,7,0,0,0,0,0,10,0,1,0,55,4,2,1
1041,937,29234400,3.12,0,0,2,0,0,0,0,0,0,0,0,0,0,0,3,0,0,0
909,111,6915300,6.23,1,4,18,2,30,0,1,0,2,0,13,1,0,0,99,10,8,3
175374,1,62300,6.23,1,4,18,1,30,0,1,0,2,0,13,1,0,0,98,9,8,3
919,1148,109060000,9.5,0,4,8,0,7,0,0,0,0,0,10,0,1,0,51,5,2,1
920,259,24605000,9.5,0,3,8,0,7,0,0,0,0,0,10,0,1,0,47,4,2,1
921,286,27170000,9.5,0,4,8,0,7,0,0,0,0,0,10,0,1,0,49,4,2,1
147238,164.64,1.6e+08,97.1817298347911,2,20,29,1,56,5,4,0,5,1,84,3,0,18,418,21,32,16
189350,100.54,2.25e+08,223.791525760891,0,10,24,1,41,6,0,0,1,0,45,2,1,1,234,14,14,6
176640,56.71,9.5e+07,167.5189560924,1,13,31,1,52,1,1,0,4,0,61,3,0,19,383,19,24,13
183910,43.03,9e+07,209.156402509877,1,13,31,1,52,1,1,0,4,0,61,3,0,19,383,19,24,13
190531,59.84,1.6e+08,267.379679144385,1,13,23,4,47,5,2,0,9,5,38,9,0,1,247,33,40,17
190532,0,1.6e+08,Inf,1,13,23,4,47,5,2,0,9,5,38,9,0,1,247,33,40,17
184689,299.89,1.5e+08,50.0183400580213,1,15,8,3,9,4,3,0,9,1,32,0,0,27,152,15,7,7
185323,553.07,1.12e+08,20.2506011897228,0,1,2,1,0,7,1,0,1,0,0,4,0,0,10,3,0,0
177691,17.16,4.8e+07,279.72027972028,0,10,12,0,14,4,0,0,4,0,22,0,3,0,229,16,5,2
177692,17.1,4.8e+07,280.701754385965,0,10,12,0,14,4,0,0,4,0,22,0,3,0,229,16,5,2
160441,84.83,1.85e+08,218.083225274078,0,8,12,1,13,4,0,0,3,0,21,0,2,0,204,14,5,1
183909,32.62,8.3e+07,254.445125689761,1,30,13,1,31,17,4,1,13,0,74,4,0,71,418,37,16,12
188242,59.95,1.8e+08,300.250208507089,1,10,38,7,50,1,1,1,6,0,34,1,0,0,161,13,16,7
169073,230.4,5.5e+07,23.8715277777778,1,10,15,3,11,15,0,0,4,2,37,26,0,9,103,11,8,5
179613,19,5e+07,263.157894736842,0,12,15,4,10,19,0,0,5,1,50,25,0,19,148,17,8,5
160227,66.27,1.4e+08,211.2569790252,0,8,20,6,25,2,2,0,2,2,38,1,1,3,119,11,5,2
162218,71.45,1.3e+08,181.945416375087,0,8,20,6,25,2,2,0,2,2,38,1,1,3,119,11,5,2
190528,84.94,2.1e+08,247.233341182011,1,12,28,4,32,5,1,0,4,2,54,0,1,4,245,21,33,14
176641,59.98,1.85e+08,308.436145381794,0,8,19,4,36,10,2,1,2,1,23,2,1,0,101,15,9,4
179206,39.99,1.45e+08,362.590647661915,0,8,19,4,36,10,2,1,2,1,23,2,1,0,101,15,9,4
188240,59.98,1.9e+08,316.77225741914,0,8,19,4,36,10,2,1,2,1,23,2,1,0,101,15,9,4
188241,59.57,1.85e+08,310.55900621118,0,8,19,4,36,10,2,1,2,1,23,2,1,0,101,15,9,4
188245,59.57,1.9e+08,318.952492865536,0,8,19,4,36,10,2,1,2,1,23,2,1,0,101,15,9,4
188768,59.98,1.95e+08,325.108369456485,0,8,19,4,36,10,2,1,2,1,23,2,1,0,101,15,9,4
188776,59.98,2e+08,333.444481493831,0,8,19,4,36,10,2,1,2,1,23,2,1,0,101,15,9,4
190510,95,2.15e+08,226.315789473684,0,8,19,4,36,10,2,1,2,1,23,2,1,0,101,15,9,4
147265,303.85,1.7e+08,55.9486588777357,0,33,12,0,15,25,2,0,11,3,49,1,0,52,678,60,18,12
184688,386.34,2e+08,51.7678728581043,1,22,18,1,47,13,2,1,17,2,49,1,1,45,327,48,38,8
187105,49.68,1.4e+08,281.803542673108,1,15,50,4,42,4,0,0,6,0,58,1,1,1,244,25,23,7
184508,59.94,1.6e+08,266.933600266934,0,7,50,7,38,1,2,0,1,0,39,0,0,0,76,5,13,6
1050,145,20010000,13.8,0,10,14,0,26,5,3,0,4,3,41,2,2,5,171,28,5,2
1048,122,16836000,13.8,0,11,15,0,26,5,3,0,4,3,40,2,2,5,157,28,5,2
1049,208,28704000,13.8,0,11,14,0,26,5,3,0,4,3,41,2,2,5,162,28,5,2
1051,139,19182000,13.8,0,11,15,0,26,5,3,0,4,3,40,2,2,4,150,28,5,2
1052,106,14628000,13.8,0,11,15,0,26,5,3,0,4,3,40,2,2,4,154,28,5,2
1053,16,2208000,13.8,0,11,15,0,26,5,3,0,4,3,40,2,2,3,146,27,5,2
1175,40,14400000,36,0,8,10,2,16,8,3,0,5,1,26,2,0,0,142,7,11,6
122339,1062,254880000,24,0,2,4,0,0,7,0,0,1,1,9,1,0,0,35,1,2,2
97279,481.9,549366000,114,0,17,12,0,33,10,3,0,10,3,57,2,2,34,405,40,14,11
1043,59.4,165006000,277.787878787879,0,11,9,4,25,12,2,0,3,2,25,4,1,5,153,18,9,5
1069,4,1384000,34.6,0,5,10,4,22,4,6,0,2,0,39,1,0,5,183,6,5,4
23,24.78,28001400,113,1,13,23,4,47,5,2,0,9,5,38,9,0,1,247,33,40,17
24,24.78,28001400,113,1,13,23,4,47,5,2,0,9,5,38,9,0,1,247,33,40,17
25,24.78,28001400,113,1,13,23,4,47,5,2,0,9,5,38,9,0,1,247,33,40,17
26,50.31,56850300,113,1,13,23,4,47,5,2,0,9,5,38,9,0,1,247,33,40,17
156,595,322886660,54.2666655462185,1,7,2,0,8,11,3,0,6,0,25,2,0,0,71,27,7,1
157,730,397448500,54.445,2,7,2,0,12,12,4,0,8,0,27,2,0,0,99,33,14,2
158,960,511999680,53.3333,2,8,2,0,13,12,4,0,9,0,31,2,0,0,94,34,17,3
159,603,443406000,73.5333333333333,2,7,2,0,12,12,4,0,9,0,28,2,0,0,95,33,15,3
160,809,594884660,73.5333325092707,2,7,2,0,15,12,4,0,9,0,29,2,0,0,104,36,17,2
161,661,502789640,76.0649984871407,2,7,2,0,18,13,4,0,9,0,31,2,0,0,115,38,19,3
162,578,178688700,30.915,2,7,2,1,19,14,4,0,11,0,32,2,1,0,120,39,22,5
163,582,171922800,29.54,2,9,2,2,20,15,4,0,11,0,34,2,1,0,146,58,24,5
164,1276,704352000,55.2,2,9,2,2,21,14,4,0,10,1,35,2,1,1,155,62,25,5
165,595,477130500,80.19,2,10,2,2,21,14,4,0,10,1,36,2,1,1,158,62,28,5
166,1345,715540000,53.2,2,7,2,2,20,14,4,0,10,1,25,2,1,1,153,60,23,5
167,779,521267850,66.915,2,10,2,2,21,14,4,0,10,1,35,2,1,1,161,63,28,5
168,452,337101600,74.58,3,10,2,2,23,14,4,0,11,0,37,3,1,0,156,60,28,5
169,442,402131600,90.98,3,10,2,2,23,15,4,0,11,0,37,3,1,0,154,60,28,5
721,431,38574500,8.95,0,0,0,0,0,0,0,0,0,0,0,0,0,0,0,0,0,0
722,1954,174883000,8.95,0,0,1,0,0,0,0,0,0,0,0,0,0,0,0,0,0,0
723,292,26134000,8.95,0,0,1,0,0,0,0,0,0,0,0,0,0,0,0,0,0,0
724,2781,248899500,8.95,0,0,1,0,0,0,0,0,0,0,0,0,0,0,0,0,0,0
725,2031,188774500,9.29465780403742,0,0,1,0,0,0,0,0,0,0,0,0,0,0,0,0,0,0
726,715,63992500,8.95,0,0,1,0,0,0,0,0,0,0,0,0,0,0,0,0,0,0
727,2770,247915000,8.95,0,0,1,0,0,0,0,0,0,0,0,0,0,0,0,0,0,0
728,19,1700500,8.95,0,0,2,0,0,0,0,0,0,0,0,0,0,0,0,0,0,0
729,2506,224287000,8.95,0,0,1,0,0,0,0,0,0,0,0,0,0,0,0,0,0,0
730,616,551132000,89.4694805194805,0,0,1,0,0,0,0,0,0,0,0,0,0,0,0,0,0,0
170,1125,697893750,62.035,3,10,3,2,22,14,4,0,11,0,38,3,1,0,149,59,28,5
171,367,153479400,41.82,3,9,3,2,22,13,4,0,10,0,39,3,0,0,142,55,25,5
166394,97,73623000,75.9,0,1,9,1,9,1,0,0,0,0,9,1,0,0,48,1,4,2
166397,57,43263000,75.9,0,1,9,1,9,1,0,0,0,0,9,1,0,0,48,1,4,2
166398,128,31104000,24.3,0,1,9,1,9,1,0,0,0,0,9,1,0,0,43,1,4,2
166399,23,17457000,75.9,0,2,9,1,15,1,0,0,0,0,11,1,0,0,50,1,4,2
166400,293,59186000,20.2,0,1,5,1,2,1,1,0,0,0,6,1,0,0,29,1,4,2
166401,290,57420000,19.8,0,1,4,1,1,1,1,0,0,0,3,1,0,0,26,0,4,2
166402,267,53934000,20.2,0,0,3,1,1,1,1,0,0,0,1,1,0,0,15,0,0,0
166375,10,7590000,75.9,0,2,7,1,14,1,1,0,0,0,11,1,0,0,51,1,4,2
172858,194,38218000,19.7,0,1,7,1,4,1,1,0,0,0,8,1,0,0,32,1,4,2
172862,645,417960000,64.8,0,1,7,1,7,1,1,0,0,0,9,1,0,0,39,1,4,2
533,169,8179600,4.84,0,0,2,0,0,1,0,0,0,0,3,0,0,0,4,0,0,0
534,89,4307600,4.84,0,0,3,0,0,1,0,0,0,0,3,0,0,0,7,0,0,0
535,29,1403600,4.84,0,0,5,0,0,1,0,0,0,0,3,0,0,0,8,0,0,0
184051,448,448000,0.1,0,0,4,1,2,0,0,0,0,0,0,0,1,0,4,1,0,1
537,107,7743000,7.23644859813084,0,0,4,1,2,0,0,0,0,0,0,0,1,0,4,1,0,1
538,13,578500,4.45,0,0,4,1,4,0,0,0,0,0,1,0,1,0,7,1,0,1
539,751,33419500,4.45,0,0,4,1,2,0,0,0,0,0,0,0,1,0,4,1,0,1
540,84,3970508,4.72679523809524,0,0,4,1,4,0,0,0,0,0,1,0,1,0,7,1,0,1
541,67,2981500,4.45,0,0,4,1,2,0,0,0,0,0,0,0,1,0,4,1,0,1
536,38,1760198,4.6321,0,0,4,1,4,0,0,0,0,0,0,0,1,0,7,1,0,1
166182,100,4726794,4.726794,0,0,4,1,4,0,0,0,0,0,1,0,1,0,7,1,0,1
560,622,27990000,4.5,0,0,0,0,0,0,0,0,0,0,0,0,0,0,1,0,0,0
562,871,37540000,4.30998851894374,0,0,0,0,0,0,0,0,0,0,0,0,0,0,1,0,0,0
563,327,14715000,4.5,0,0,0,0,0,0,0,0,0,0,0,0,0,0,1,0,0,0
542,2116,90141600,4.26,0,0,0,0,0,0,0,0,0,0,0,0,1,0,1,0,0,0
544,26,1107600,4.26,0,0,0,0,2,0,0,0,0,0,0,0,1,0,2,0,0,1
172866,419,13533700,3.23,0,0,1,1,2,0,0,0,0,0,0,0,1,0,4,0,0,1
545,282,12013200,4.26,0,0,0,0,0,0,0,0,0,0,0,0,1,0,1,0,0,0
546,90,3834000,4.26,0,0,0,0,0,0,0,0,0,0,0,0,0,0,1,0,0,0
185335,5,19558880,391.1776,0,0,4,1,2,0,0,0,0,0,0,0,1,0,4,1,0,1
172865,64,7808000,12.2,0,0,4,1,2,0,0,0,0,0,0,0,1,0,4,1,0,1
140333,8,6504000,81.3,2,11,45,3,98,5,2,0,9,0,43,2,1,3,161,18,31,9
150884,5,4765000,95.3,2,11,45,3,98,5,2,0,9,0,43,2,1,3,159,18,31,9
155214,8,6504000,81.3,2,11,45,3,98,5,2,0,9,0,43,2,1,3,159,18,31,9
155218,3,2439000,81.3,2,11,45,3,98,5,2,0,9,0,43,2,1,3,161,18,31,9
155220,1,953000,95.3,2,11,45,3,98,5,2,0,9,0,43,2,1,3,159,18,31,9
166393,22,2816000,12.8,0,0,6,0,0,1,0,0,0,0,3,1,0,0,11,0,0,0
185334,114,42121880,36.9490175438597,0,0,2,1,2,0,0,0,0,0,0,0,1,0,4,1,0,1
184053,344,344000,0.1,0,1,10,1,8,1,0,0,0,0,7,1,0,0,38,1,3,2
185338,51,39822090,78.0825294117647,0,1,9,1,9,1,0,0,0,0,8,1,0,0,43,1,4,2
180677,22,16632000,75.6,0,1,3,1,0,3,0,0,1,0,3,0,1,0,13,0,0,0
1111,16,13008000,81.3,2,11,45,3,98,5,2,0,9,0,43,2,1,3,159,18,31,9
1112,7,6671000,95.3,2,11,45,3,98,5,2,0,9,0,43,2,1,3,159,18,31,9
591,373,17158000,4.6,0,0,7,1,1,1,0,0,0,0,5,1,0,0,16,0,0,0
592,29,1334000,4.6,0,0,8,1,4,1,0,0,0,0,6,1,0,0,27,1,2,1
184052,28,28000,0.1,0,1,9,1,6,1,0,0,0,0,7,1,0,0,36,1,3,2
503,1458,121597200,8.34,0,0,6,1,4,0,0,0,0,0,3,0,1,0,12,1,0,1
504,504,42033600,8.34,0,0,8,1,4,0,0,0,0,0,3,0,1,0,13,1,0,2
505,171.34,14261400,8.32345044939886,0,0,9,1,4,0,0,0,0,0,3,0,1,0,14,1,2,2
166362,57,8607000,15.1,0,0,9,1,4,0,0,0,0,0,3,0,1,0,14,1,2,3
172857,18,3168000,17.6,0,0,9,1,4,0,0,0,0,0,3,0,1,0,14,1,2,2
166364,99,14949000,15.1,0,0,8,1,4,0,0,0,0,0,3,0,1,0,14,1,2,2
506,177,5310000,3,0,1,11,1,6,0,0,0,0,0,5,0,1,0,13,3,2,5
507,273,8190000,3,0,1,11,1,6,0,0,0,0,0,5,0,1,0,13,3,2,5
508,1965,58950000,3,0,1,10,1,6,0,0,0,0,0,5,0,1,0,13,3,2,5
509,290,8700000,3,0,1,10,1,6,0,0,0,0,0,5,0,1,0,13,3,2,5
510,62,6386000,10.3,0,0,10,1,6,0,0,0,0,0,4,0,1,0,15,2,2,5
511,749,77147000,10.3,0,0,9,1,5,0,0,0,0,0,3,0,1,0,14,2,2,3
512,65,6695000,10.3,0,0,10,1,6,0,0,0,0,0,3,0,1,0,15,2,2,5
513,2743,282529000,10.3,0,0,9,1,6,0,0,0,0,0,5,0,1,0,15,2,2,4
514,11,917400,8.34,0,0,8,1,4,0,0,0,0,0,3,0,1,0,13,2,0,2
515,1104,92073600,8.34,0,0,8,1,4,0,0,0,0,0,3,0,1,0,14,2,2,2
516,649,19470000,3,0,0,9,1,6,0,0,0,0,0,5,0,1,0,15,2,2,4
517,25,2272500,9.09,0,1,9,1,6,0,0,0,0,0,5,0,1,0,15,2,2,4
518,740,22200000,3,0,1,9,1,6,0,0,0,0,0,5,0,1,0,15,2,2,4
519,30,2784000,9.28,0,0,10,1,6,0,0,0,0,0,5,0,1,0,15,2,2,4
948,149,19370000,13,0,0,3,1,0,0,0,0,0,0,2,0,1,0,21,5,0,0
949,65,8450000,13,0,0,3,0,0,0,0,0,0,0,2,0,1,0,19,6,0,0
950,234,30420000,13,0,0,2,1,0,0,0,0,0,0,2,0,1,0,19,6,0,0
951,1107,143910000,13,0,0,3,1,0,0,0,0,0,0,2,0,1,0,21,3,0,0
941,436,13777600,3.16,0,1,5,1,1,0,0,0,0,0,3,0,1,0,27,4,0,0
942,33,23373000,70.8272727272727,0,1,5,0,1,0,0,0,0,0,3,0,1,0,23,4,0,0
943,1732,274187760,15.8307020785219,0,1,5,1,1,0,0,0,0,0,3,0,1,0,28,4,0,0
944,4,636000,15.9,0,1,8,0,2,0,0,0,0,0,5,0,1,0,38,4,1,0
945,94,14946000,15.9,0,1,5,1,1,0,0,0,0,0,3,0,1,0,21,4,0,0
94629,318,50341635,15.8307028301887,0,3,8,1,3,0,0,0,0,0,7,0,1,0,42,4,1,0
94631,177,28143000,15.9,0,1,8,0,2,0,0,0,0,0,5,0,1,0,36,4,1,0
187331,27,4293000,15.9,0,1,5,0,1,0,0,0,0,0,3,0,1,0,23,4,0,0
947,240,38160000,15.9,0,0,5,1,1,0,0,0,0,0,2,0,1,0,19,4,0,0
501,600,50040000,8.34,0,0,6,1,4,0,0,0,0,0,3,0,1,0,12,1,0,1
502,99,8256600,8.34,0,0,6,1,4,0,0,0,0,0,3,0,1,0,12,1,0,1
952,866,112580000,13,0,0,5,1,0,0,0,0,0,0,2,0,1,0,20,3,0,0
953,59,6372000,10.8,0,1,5,1,1,0,0,0,0,0,3,0,1,0,24,2,0,0
964,22,2420000,11,0,0,2,1,0,0,0,0,0,0,2,0,1,0,21,5,0,0
965,2442,231990000,9.5,0,0,1,0,0,0,0,0,0,0,0,0,1,0,12,2,0,0
966,3375,320625000,9.5,0,0,1,0,0,0,0,0,0,0,0,0,1,0,12,2,0,0
990,1382,165840000,12,0,1,0,0,0,0,0,0,0,0,0,0,0,0,17,2,0,0
991,1481,177720000,12,0,0,2,0,0,0,0,0,0,0,0,0,0,0,15,2,0,0
992,714,67830000,9.5,0,1,0,0,0,0,0,0,0,0,0,0,0,0,15,2,0,0
638,162,12636000,7.8,0,0,2,1,3,2,0,0,0,0,0,0,2,0,1,1,0,0
633,392,41552000,10.6,0,1,6,0,3,1,0,0,0,0,0,0,2,0,2,1,0,0
634,1321,140026000,10.6,0,1,2,0,3,1,0,0,0,0,0,0,2,0,1,1,0,0
177812,168,27552000,16.4,0,0,6,0,3,2,0,0,0,0,0,0,2,0,1,1,0,0
166407,129,17157000,13.3,0,0,8,0,3,1,0,0,0,0,1,0,2,0,2,1,0,0
172873,351,52650000,15,0,1,2,0,3,1,0,0,0,0,0,0,2,0,1,2,0,0
166408,122,14274000,11.7,0,0,3,1,3,2,0,0,0,0,0,0,2,0,1,0,0,0
166409,165,21945000,13.3,0,0,7,0,3,1,0,0,0,0,0,0,2,0,1,1,0,0
172874,643,97093000,15.1,0,0,4,0,3,2,0,0,0,0,0,0,2,0,1,1,0,0
963,1065,117150000,11,0,0,1,1,0,0,0,0,0,0,1,0,1,0,16,3,0,0
962,342,37620000,11,0,0,1,1,0,0,0,0,0,0,1,0,1,0,17,4,0,0
166410,103,11433000,11.1,0,1,2,0,3,1,0,0,0,0,0,0,2,0,1,1,0,0
172884,29,4756000,16.4,0,1,2,0,2,0,0,0,0,0,0,0,2,0,1,2,0,0
637,23,2070000,9,0,0,7,0,3,1,0,0,0,0,1,0,2,0,2,1,0,0
172875,175,20125000,11.5,0,1,2,0,3,1,0,0,0,0,0,0,2,0,1,2,0,0
166427,267,40317000,15.1,0,1,3,0,2,0,0,0,0,0,0,0,2,0,1,2,0,0
124,31,4789500,15.45,1,10,2,0,3,12,4,0,9,0,14,0,1,0,140,41,7,1
125,1807,818414200,45.2913226342003,1,9,2,0,4,12,4,0,8,0,16,0,1,0,117,42,8,1
126,2136,964760000,45.1666666666667,1,9,3,0,4,13,4,0,9,0,16,2,1,0,122,43,11,2
127,2383,1189831900,49.93,2,8,3,0,11,13,4,0,10,0,29,2,1,0,104,38,13,2
128,450,224685000,49.93,1,10,3,0,10,12,4,0,9,0,29,2,1,0,111,41,12,2
129,2433,1214796900,49.93,1,10,3,0,10,12,4,0,9,0,29,2,1,0,108,38,12,2
130,4946,283200000,5.72583906186818,1,8,2,0,8,11,4,0,8,0,27,2,0,0,92,32,11,2
131,844,795840000,94.2938388625592,1,8,2,0,8,11,4,0,6,0,26,2,0,0,78,31,7,1
640,435,38715000,8.9,0,1,3,0,2,0,0,0,0,0,0,0,3,0,1,2,0,0
190048,948.56,374648948,39.496599898794,0,4,6,2,1,2,0,0,0,0,2,1,0,0,30,2,0,0
190049,990.67,391280967,39.4965999777928,0,4,6,2,1,2,0,0,0,0,2,1,0,0,30,2,0,0
190050,989.31,390743813,39.4965999535029,0,4,6,2,1,2,0,0,0,0,2,1,0,0,30,2,0,0
90282,287.45,137716000,47.9095494868673,0,4,6,2,1,2,0,0,0,0,2,1,0,0,30,2,0,0
90273,1475.57,653267750,44.272230392323,0,0,1,0,0,2,3,0,3,1,0,0,0,0,3,1,0,0
124516,25920.6,13078264611,50.4550998472258,0,2,1,0,4,3,6,0,3,1,2,0,0,0,22,3,0,0
90274,67.75,41124250,60.7,0,4,1,0,2,4,4,0,3,2,4,0,0,0,31,6,1,0
90275,90.63,51837210,57.1965243296922,0,4,1,0,2,4,4,0,3,2,4,0,0,0,31,6,1,0
90276,204.46,124107220,60.7,0,4,1,0,2,4,4,0,3,2,4,0,0,0,31,6,1,0
90277,1620,592920000,36.6,0,4,1,0,2,4,4,0,3,2,4,0,0,0,31,6,1,0
90278,3228.69,916231655,28.3778143767286,0,4,1,0,2,4,4,0,3,2,4,0,0,0,31,6,1,0
90281,22,10645000,48.3863636363636,0,4,6,2,1,2,0,0,0,0,2,1,0,0,30,2,0,0
151975,3146.46,4093696470,130.104831143571,0,32,7,0,16,26,2,0,16,3,43,0,1,52,699,71,31,12
90236,34981.84,30301921000,86.6218615144315,1,10,19,4,25,10,0,0,22,11,36,1,2,20,291,54,58,12
90237,2482,3.146e+09,126.752618855761,1,10,19,4,25,10,0,0,22,11,36,1,2,20,291,54,58,12
90287,4945.07,1368575000,27.6755435211231,0,21,9,3,35,15,0,1,16,10,47,0,1,38,335,47,47,7
90224,146.67,115372760,78.6614576941433,0,11,24,4,55,6,1,0,3,1,51,6,1,1,180,20,16,11
151995,760.21,1084670910,142.680431722813,0,8,18,6,23,10,2,0,1,2,45,17,1,1,136,21,7,6
92791,32009.52,6.071e+10,189.662325458176,2,7,1,1,20,14,4,0,9,1,18,2,2,1,163,64,23,4
149269,360,850197975,236.166104166667,1,8,2,0,8,11,4,0,8,0,27,2,0,0,92,32,11,2
149272,52487,89270787375,170.081710471164,1,8,2,0,8,11,4,0,8,0,27,2,0,0,92,32,11,2
149271,2991,5101187850,170.551248746239,1,8,2,0,8,11,4,0,8,0,27,2,0,0,92,32,11,2
149270,4156,6801583800,163.656973051011,1,8,2,0,8,11,4,0,8,0,27,2,0,0,92,32,11,2
90268,99,2718600,2.74606060606061,0,0,4,2,0,3,0,0,0,0,3,1,0,0,5,0,0,0
90269,324,54390528,16.7872,0,0,4,2,0,3,0,0,0,0,3,1,0,0,5,0,0,0
90270,220.5,216942660,98.386693877551,0,0,3,2,0,3,0,0,0,0,3,0,0,0,9,0,0,0
90271,498.4,490359290,98.3866954253612,0,0,3,2,0,3,0,0,0,0,3,0,0,0,9,0,0,0
90262,326.65,38576250,11.8096586560539,0,0,3,2,0,3,0,0,0,0,3,0,0,0,6,0,0,0
90263,331.2,43779901,13.2185691425121,0,0,3,2,0,3,0,0,0,0,3,0,0,0,6,0,0,0
90264,732.6,173385632,23.6671624351624,0,0,3,2,0,3,0,0,0,0,3,0,0,0,6,0,0,0
90265,496.8,83399360,16.7873107890499,0,0,3,2,0,3,0,0,0,0,3,0,0,0,6,0,0,0
90266,178.51,6636916,3.7179519354658,0,1,3,1,0,3,0,0,1,0,3,0,1,0,12,0,0,0
90267,126.28,4694976,3.71790940766551,0,1,3,1,0,3,0,0,1,0,3,0,1,0,10,0,0,0
90248,863.94,1045708980,121.03953746788,2,6,27,4,69,7,0,1,10,1,19,2,0,2,137,28,49,7
90230,48630.78,47931908000,98.5629019316573,1,6,3,1,12,10,1,0,3,0,29,3,0,0,56,24,7,1
190051,1056.47,417269730,39.4965999981069,0,4,6,2,1,2,0,0,0,0,2,1,0,0,30,2,0,0
190052,758.27,299490868,39.4965998918591,0,4,6,2,1,2,0,0,0,0,2,1,0,0,30,2,0,0
190053,298.2,117778861,39.4965999329309,0,4,6,2,1,2,0,0,0,0,2,1,0,0,30,2,0,0
190054,138.55,54722539,39.4965997834717,0,4,6,2,1,2,0,0,0,0,2,1,0,0,30,2,0,0
190055,149.16,58913128,39.4965996245642,0,4,6,2,1,2,0,0,0,0,2,1,0,0,30,2,0,0
190056,146.46,57846720,39.4965997541991,0,4,6,2,1,2,0,0,0,0,2,1,0,0,30,2,0,0
190057,146.46,57846720,39.4965997541991,0,4,6,2,1,2,0,0,0,0,2,1,0,0,30,2,0,0
90238,10309.83,4970677672,48.2129935411156,2,11,18,6,64,11,2,0,8,1,34,6,1,3,248,28,19,7
90227,440.4,20699000,4.70004541326067,2,14,21,6,149,12,2,0,9,1,35,7,1,0,301,33,37,12
90249,5074.98,4896634050,96.485780239528,0,11,18,4,133,11,2,0,8,1,16,5,1,0,253,27,33,10
90247,40.32,70895270,175.83152281746,0,0,0,0,0,0,0,0,0,0,0,0,1,0,0,0,0,0
90245,333.18,391990430,117.651248574344,0,1,6,1,7,0,1,0,2,0,6,1,0,0,43,3,7,3
90242,7298,9.517e+09,130.40559057276,0,3,2,0,1,0,0,0,2,0,4,0,0,0,26,2,1,0
124484,99,47067666,47.543096969697,0,1,0,0,0,1,3,0,0,0,2,0,1,0,11,1,0,0
124487,1509.84,717824694,47.5430968844381,0,1,0,0,0,1,3,0,0,0,2,0,1,0,11,1,0,0
176657,17.28,2764800,16,0,2,7,2,3,2,1,0,2,0,8,0,0,0,45,1,2,1
176658,160,13920000,8.7,0,2,7,2,3,2,1,0,2,0,8,0,0,0,45,1,2,1
176659,501,112725000,22.5,0,2,7,2,3,2,1,0,2,0,8,0,0,0,45,1,2,1
176660,499,41417000,8.3,0,2,7,2,3,2,1,0,2,0,8,0,0,0,45,1,2,1
176661,102.15,5516100,5.4,0,2,7,2,3,2,1,0,2,0,8,0,0,0,45,1,2,1
176662,993.06,53625240,5.4,0,2,7,2,3,2,1,0,2,0,8,0,0,0,45,1,2,1
90244,12918.39,1517507600,11.7468786745097,2,14,26,4,99,7,1,0,8,2,36,3,0,1,227,29,32,13
171923,910.36,294708421,32.3727339733732,2,14,26,4,99,7,1,0,8,2,36,3,0,1,227,29,32,13
162718,752.36,1313797100,174.623464830666,0,2,3,0,0,0,2,0,0,0,3,1,1,0,7,1,0,0
97361,1157.41,444054720,38.3662418676182,0,17,12,0,33,10,3,0,10,3,57,2,2,34,405,40,14,11
90216,59.96,1.31e+08,218.47898599066,1,13,23,4,47,5,2,0,9,5,38,9,0,1,247,33,40,17
90217,59.96,1.3e+08,216.811207471648,1,13,23,4,47,5,2,0,9,5,38,9,0,1,247,33,40,17
90218,59.96,1.43e+08,238.492328218813,1,13,23,4,47,5,2,0,9,5,38,9,0,1,247,33,40,17
90219,148.76,2.34e+08,157.300349556332,1,13,23,4,47,5,2,0,9,5,38,9,0,1,247,33,40,17
90220,59.96,1.32e+08,220.146764509673,1,13,23,4,47,5,2,0,9,5,38,9,0,1,247,33,40,17
90221,59.96,1.32e+08,220.146764509673,1,13,23,4,47,5,2,0,9,5,38,9,0,1,247,33,40,17
90222,59.96,1.29e+08,215.143428952635,1,13,23,4,47,5,2,0,9,5,38,9,0,1,247,33,40,17
90225,84.77,2.15e+08,253.627462545712,1,13,23,4,47,5,2,0,9,5,38,9,0,1,247,33,40,17
90226,84.77,2.2e+08,259.52577562817,1,13,23,4,47,5,2,0,9,5,38,9,0,1,247,33,40,17
90250,330,94438460,28.6177151515151,0,1,8,0,2,4,0,0,1,0,7,0,2,0,24,1,1,0
90212,2436.37,233376000,9.57884065228188,0,5,11,1,8,15,1,0,3,2,19,25,1,5,87,14,8,4
90213,12.56,792000,6.30573248407643,0,5,11,1,8,15,1,0,3,2,19,25,1,5,87,14,8,4
90214,734.51,41132090,5.59993601176294,0,5,11,1,8,15,1,0,3,2,19,25,1,5,87,14,8,4
90215,44.75,0,0,0,5,11,1,8,15,1,0,3,2,19,25,1,5,87,14,8,4
124531,6464.72,8713686000,134.788297095621,0,5,11,1,8,15,1,0,3,2,19,25,1,5,87,14,8,4
140307,52.2,0,0,0,5,11,1,8,15,1,0,3,2,19,25,1,5,87,14,8,4
140308,975.21,0,0,0,5,11,1,8,15,1,0,3,2,19,25,1,5,87,14,8,4
176678,9.92,793600,8,0,2,7,2,3,2,1,0,2,0,8,0,0,0,45,1,2,1
176677,383.47,30677600,8,0,2,7,2,3,2,1,0,2,0,8,0,0,0,45,1,2,1
176676,137.72,2341240,1.7,0,2,7,2,3,2,1,0,2,0,8,0,0,0,45,1,2,1
176663,1131.7,235393600,20.8,0,2,7,2,3,2,1,0,2,0,8,0,0,0,45,1,2,1
176664,3050.52,732124800,24,0,2,7,2,3,2,1,0,2,0,8,0,0,0,45,1,2,1
176665,3696.66,1182931200,32,0,2,7,2,3,2,1,0,2,0,8,0,0,0,45,1,2,1
176666,2977.89,524108640,17.6,0,2,7,2,3,2,1,0,2,0,8,0,0,0,45,1,2,1
176667,680.99,122578200,18,0,2,7,2,3,2,1,0,2,0,8,0,0,0,45,1,2,1
176668,251.9,24938100,9.9,0,2,7,2,3,2,1,0,2,0,8,0,0,0,45,1,2,1
176669,1234.38,256751040,20.8,0,2,7,2,3,2,1,0,2,0,8,0,0,0,45,1,2,1
176670,2447.28,117469440,4.8,0,2,7,2,3,2,1,0,2,0,8,0,0,0,45,1,2,1
176671,1310,5.24e+08,40,0,2,7,2,3,2,1,0,2,0,8,0,0,0,45,1,2,1
176672,367.27,5509050,1.5,0,2,7,2,3,2,1,0,2,0,8,0,0,0,45,1,2,1
176673,505.78,89017280,17.6,0,2,7,2,3,2,1,0,2,0,8,0,0,0,45,1,2,1
176674,1655.53,264884800,16,0,2,7,2,3,2,1,0,2,0,8,0,0,0,45,1,2,1
176675,2997.76,1199104000,40,0,2,7,2,3,2,1,0,2,0,8,0,0,0,45,1,2,1
641,1728,153792000,8.9,0,1,4,0,3,1,0,0,0,0,0,0,2,0,1,1,0,0
642,1499,133411000,8.9,0,1,5,0,2,0,0,0,0,0,0,0,2,0,2,2,0,0
166411,299,37375000,12.5,0,1,3,0,3,1,0,0,0,0,0,0,2,0,1,2,0,0
610,349,30781800,8.82,0,2,11,0,5,0,0,0,0,0,8,0,1,0,5,1,0,0
611,179,15787800,8.82,0,2,12,0,5,0,0,0,0,0,8,0,1,0,6,1,0,0
613,1954,172342800,8.82,0,2,11,0,5,0,0,0,0,0,8,0,1,0,8,1,0,0
615,2024,178516800,8.82,0,2,12,0,5,0,0,0,0,0,9,0,0,0,8,1,0,0
616,706,62269200,8.82,0,2,12,0,5,0,0,0,0,0,9,0,0,0,8,1,0,0
617,1299,114571800,8.82,0,2,12,0,8,0,0,0,1,0,10,0,0,0,11,0,0,0
618,1398,123303800,8.82001430615164,0,2,12,0,8,0,0,0,1,0,10,0,0,0,11,1,0,0
619,1367,120569400,8.82,0,2,11,0,6,0,0,0,0,0,10,0,0,0,8,1,0,0
620,9,793800,8.82,0,2,11,0,8,0,0,0,1,0,10,0,0,0,11,0,0,0
621,489,43129800,8.82,0,2,11,0,8,0,0,0,1,0,10,0,0,0,11,1,0,0
622,3689,325369800,8.82,0,2,12,0,8,0,0,0,1,0,10,0,0,0,11,0,0,0
623,14,1234800,8.82,0,2,11,0,8,0,0,0,1,0,10,0,0,0,11,0,0,0
624,79,6967800,8.82,0,2,12,0,8,0,0,0,1,0,10,0,0,0,11,0,0,0
626,31,3472000,11.2,0,2,11,0,5,0,0,0,0,0,8,0,1,0,7,1,0,0
631,2327,205241400,8.82,0,2,11,0,5,0,0,0,0,0,8,0,1,0,5,1,0,0
97823,164,3247200,1.98,0,2,10,0,5,0,0,0,0,0,8,0,1,0,6,1,0,0
632,444,39160800,8.82,0,2,10,0,5,0,0,0,0,0,8,0,1,0,6,1,0,0
635,593,66416000,11.2,0,2,11,0,5,0,0,0,0,0,8,0,1,0,7,1,0,0
636,528,59136000,11.2,0,2,10,0,5,0,0,0,0,0,8,0,1,0,4,1,0,0
629,163,14376600,8.82,0,2,11,0,5,0,0,0,0,0,8,0,1,0,5,1,0,0
166406,163,20701000,12.7,0,2,11,0,5,0,0,0,0,0,8,0,1,0,5,1,0,0
628,2223,248976000,11.2,0,2,11,0,5,0,0,0,0,0,9,0,1,0,8,1,0,0
627,1000,1.12e+08,11.2,0,2,11,0,5,0,0,0,0,0,9,0,1,0,7,1,0,0
161846,0,155000,Inf,0,5,11,1,8,15,1,0,3,2,19,25,1,5,87,14,8,4
161847,0,8555000,Inf,0,5,11,1,8,15,1,0,3,2,19,25,1,5,87,14,8,4
208,662,262814000,39.7,0,9,3,1,23,14,1,0,8,9,19,3,7,24,240,54,33,12
198,704,279488000,39.7,0,9,4,2,23,14,1,0,8,9,18,4,6,24,251,58,39,13
199,2,282000,14.1,0,8,4,1,21,10,1,0,8,8,15,3,7,20,206,48,28,8
200,6,846000,14.1,0,8,3,1,21,13,1,0,8,8,18,3,7,21,225,53,31,11
201,9,3573000,39.7,0,8,3,1,21,11,1,0,8,8,16,3,7,20,214,49,29,9
202,234,34632000,14.8,0,8,3,1,21,11,1,0,8,8,17,3,7,20,218,52,30,10
203,3,444000,14.8,0,8,3,1,23,15,1,0,8,9,18,3,7,23,251,57,37,12
8,37323,50012820000,134,0,5,11,1,8,15,1,0,3,2,19,25,1,5,87,14,8,4
9,734,983560000,134,0,7,7,2,7,16,0,0,3,5,10,24,1,3,110,25,5,1
10,194,143948000,74.2,0,5,8,2,4,14,0,0,3,4,7,24,1,2,73,19,3,0
11,35,336000,0.96,0,5,8,2,4,14,0,0,3,4,7,24,1,2,73,19,3,0
16,298,141848000,47.6,0,7,7,2,8,18,0,0,5,6,11,25,2,3,142,38,16,4
12,1391,1032122000,74.2,0,7,7,2,6,16,0,0,3,6,8,24,2,3,107,26,5,1
207,393,156021000,39.7,0,8,3,1,21,13,1,0,8,9,18,3,7,22,229,52,31,11
206,42,17682000,42.1,0,8,3,1,21,12,1,0,8,8,16,3,7,20,219,53,35,12
285,4577,1780453000,38.9,0,1,3,1,0,3,0,0,1,0,2,0,1,0,5,0,0,0
286,317,123313000,38.9,0,0,3,1,0,3,0,0,0,0,2,0,1,0,10,0,0,0
287,300,181800000,60.6,0,1,3,1,0,3,0,0,1,0,3,0,1,0,10,0,0,0
288,26,15756000,60.6,0,1,3,1,0,3,0,0,1,0,3,0,1,0,10,0,0,0
290,61,15860000,26,0,0,3,2,0,3,0,0,0,0,3,0,1,0,10,0,0,0
180673,681,510750000,75,0,1,3,1,0,3,0,0,1,0,3,0,1,0,12,0,0,0
291,103,28016000,27.2,0,1,3,1,0,3,0,0,1,0,4,0,1,0,10,0,0,0
180674,26,11258000,43.3,0,1,3,1,0,3,0,0,1,0,3,0,1,0,13,0,0,0
180675,205,154980000,75.6,0,1,3,1,0,3,0,0,1,0,3,0,1,0,13,0,0,0
180676,194,145500000,75,0,1,3,1,0,3,0,0,1,0,3,0,1,0,10,0,0,0
185333,149,47876880,32.1321342281879,0,0,3,1,2,0,0,0,0,0,0,0,1,0,4,1,0,1
197,64,25408000,39.7,0,9,4,3,23,15,1,0,9,10,18,7,6,27,254,54,35,12
204,11116,4413052000,39.7,0,8,3,1,21,11,1,0,8,8,17,3,7,24,219,53,28,9
205,19,7999000,42.1,0,8,3,1,21,12,1,0,8,8,16,3,7,20,219,53,35,12
717,477,42691500,8.95,0,0,1,0,0,0,0,0,0,0,0,0,0,0,0,0,0,0
718,1740,155730000,8.95,0,0,1,0,0,0,0,0,0,0,0,0,0,0,0,0,0,0
719,2355,210772500,8.95,0,0,0,0,0,0,0,0,0,0,0,0,0,0,0,0,0,0
720,1466,131207000,8.95,0,0,0,0,0,0,0,0,0,0,0,0,0,0,0,0,0,0
764,14,7.14e+08,5100,0,2,2,0,3,0,1,0,1,0,6,1,0,0,7,2,0,0
766,414,21114000,5.1,0,2,2,1,3,0,1,0,1,0,6,1,0,0,8,2,0,0
767,905,46155000,5.1,0,2,4,1,3,0,1,0,1,0,7,1,0,0,9,2,0,0
768,782,39882000,5.1,0,2,4,1,3,0,3,0,1,0,7,1,0,0,9,2,0,0
770,885,50469000,5.70271186440678,0,2,2,1,3,0,4,0,1,0,6,1,0,0,5,2,0,0
775,638,32538000,5.1,0,0,0,0,0,0,0,0,0,0,0,0,0,0,0,0,0,0
777,48,806400,1.68,0,2,4,1,3,0,2,0,1,0,7,1,0,0,9,2,0,0
781,132,2217600,1.68,0,2,4,1,3,0,2,0,1,0,7,1,0,0,9,2,0,0
778,930,15624000,1.68,0,2,4,1,3,0,2,0,1,0,7,1,0,0,9,2,0,0
779,1494,25099200,1.68,0,2,4,1,3,0,2,0,1,0,7,1,0,0,9,2,0,0
780,16,268800,1.68,0,2,4,1,3,0,2,0,1,0,7,1,0,0,9,2,0,0
17,1388,1009076000,72.7,0,7,2,2,20,18,0,0,7,7,13,25,2,6,178,52,27,7
184072,21223,1606581100,7.57,1,8,9,1,42,16,1,0,7,4,20,25,0,19,196,37,18,10
18,1488,55056000,3.7,0,5,10,2,24,17,1,0,4,4,16,25,1,5,146,29,13,7
1087,418,198968000,47.6,0,6,11,2,14,17,1,0,3,6,12,24,1,4,128,34,11,5
13,4659,419310000,9,1,6,10,1,33,16,1,0,4,4,27,25,1,12,151,31,11,8
14,992,16380000,1.65120967741935,1,5,10,1,28,15,1,0,4,4,24,25,1,10,140,30,11,7
15,273,286650000,105,1,7,10,1,26,14,1,0,5,3,35,25,0,15,136,29,10,8
4,1312,312256000,23.8,1,8,10,1,35,14,1,0,5,4,30,25,0,16,175,32,14,9
97829,251,231924000,92.4,3,10,37,3,100,4,1,0,8,0,34,2,3,3,168,20,33,10
97830,20,18480000,92.4,3,10,38,3,99,4,1,0,8,0,33,2,2,3,165,20,34,10
97831,41,37884000,92.4,3,10,39,3,99,4,1,0,8,0,30,2,3,3,164,20,34,10
1131,391,23225400,5.94,3,10,35,4,78,3,0,0,9,1,34,1,4,3,184,20,32,10
282,2555,950460000,37.2,0,1,8,1,4,3,0,0,0,0,4,0,2,0,17,2,0,0
284,388,161796000,41.7,0,2,4,1,3,2,0,0,0,0,6,0,1,0,13,1,0,0
547,297,12652000,4.25993265993266,0,0,0,0,0,0,0,0,0,0,0,0,0,0,1,0,0,0
166843,2938,15512640,0.528,0,0,0,0,0,0,0,0,0,0,0,0,0,0,1,0,0,0
549,2012,85711200,4.26,0,0,0,0,0,0,0,0,0,0,0,0,0,0,1,0,0,0
550,1346,57339600,4.26,0,0,0,0,0,0,0,0,0,0,0,0,0,0,1,0,0,0
551,1509,64283400,4.26,0,0,0,0,0,0,0,0,0,0,0,0,1,0,1,0,0,0
552,1511,64368600,4.26,0,0,0,0,0,0,0,0,0,0,0,0,1,0,1,0,0,0
553,117,4984200,4.26,0,0,0,0,0,0,0,0,0,0,0,0,1,0,1,0,0,0
554,2579,109865400,4.26,0,0,1,1,2,0,0,0,0,0,0,0,1,0,4,0,0,1
555,2716,115701600,4.26,0,0,1,1,2,0,0,0,0,0,0,0,1,0,2,0,0,1
556,1134,51030000,4.5,0,0,2,1,2,0,0,0,0,0,0,0,1,0,4,1,0,1
557,903,40635000,4.5,0,0,2,1,2,0,0,0,0,0,0,0,1,0,4,1,0,1
558,87,3871500,4.45,0,0,2,1,2,0,0,0,0,0,0,0,1,0,4,1,0,1
559,118,5085800,4.31,0,0,4,1,2,0,0,0,0,0,0,0,1,0,4,1,0,1
172867,62,6324000,10.2,0,0,0,0,0,0,0,0,0,0,0,0,0,0,1,0,0,0
172868,155,14880000,9.6,0,0,0,0,0,0,0,0,0,0,0,0,0,0,1,0,0,0
172869,88,9152000,10.4,0,0,0,0,0,0,0,0,0,0,0,0,0,0,1,0,0,0
172870,15,1560000,10.4,0,0,0,0,0,0,0,0,0,0,0,0,1,0,1,0,0,0
172871,199,20696000,10.4,0,0,0,0,0,0,0,0,0,0,0,0,1,0,1,0,0,0
172872,255,24964500,9.79,0,0,0,0,0,0,0,0,0,0,0,0,1,0,1,0,0,0
166844,69,7038000,10.2,0,0,2,1,2,0,0,0,0,0,0,0,1,0,4,0,0,1
5,499,548900000,110,1,8,10,1,38,14,1,0,5,4,32,25,0,19,184,33,14,9
90192,8120.18,4324038050,53.2505196929132,0,5,11,1,8,15,1,0,3,2,19,25,1,5,87,14,8,4
90246,7430.51,4266893890,57.4239707637834,2,12,34,5,46,3,1,1,9,0,38,1,0,0,204,21,18,8
93121,438.74,322857000,73.5873182294753,0,1,8,0,2,4,0,0,2,0,6,0,1,0,32,1,1,0
90253,136.05,8094975,5.95,0,1,8,0,2,4,0,0,1,0,7,0,2,0,24,1,1,0
90254,964.3,40492208,4.19912973141139,0,1,8,0,2,4,0,0,1,0,7,0,2,0,24,1,1,0
90255,429.76,62344177,14.5067426005212,0,1,8,0,2,4,0,0,1,0,7,0,2,0,24,1,1,0
90256,65.8,9244900,14.05,0,1,8,0,2,4,0,0,1,0,7,0,2,0,24,1,1,0
90257,99,528700,0.534040404040404,0,1,8,0,2,4,0,0,1,0,7,0,2,0,24,1,1,0
97719,816.08,820157000,100.499583374179,0,1,6,0,2,4,0,0,1,0,6,0,1,0,24,1,1,0
90284,2025.14,549270620,27.1225999190179,0,1,2,0,2,4,0,0,1,0,6,0,1,0,24,1,1,0
90285,102.6,27827780,27.1225925925926,0,1,2,0,2,4,0,0,1,0,6,0,1,0,24,1,1,0
90286,65.94,17885650,27.1241279951471,0,1,2,0,2,4,0,0,1,0,6,0,1,0,24,1,1,0
185148,887.1,1342174170,151.299083530605,0,1,2,0,2,4,0,0,1,0,6,0,1,0,24,1,1,0
185149,424.05,1407542250,331.928369296074,0,1,2,0,2,4,0,0,1,0,6,0,1,0,24,1,1,0
185158,345,306748560,88.9126260869565,0,1,2,0,2,4,0,0,1,0,6,0,1,0,24,1,1,0
93120,2315.4,1768746200,76.390524315453,0,1,8,0,2,4,0,0,2,0,6,0,1,0,32,1,1,0
90193,1140,137940000,12.1,0,5,11,1,8,15,1,0,3,2,19,25,1,5,87,14,8,4
90194,136.8,0,0,0,5,11,1,8,15,1,0,3,2,19,25,1,5,87,14,8,4
90195,120.96,0,0,0,5,11,1,8,15,1,0,3,2,19,25,1,5,87,14,8,4
90196,129.6,0,0,0,5,11,1,8,15,1,0,3,2,19,25,1,5,87,14,8,4
90204,14.55,1840000,12.6460481099656,0,5,11,1,8,15,1,0,3,2,19,25,1,5,87,14,8,4
90206,1261.2,148172900,11.7485648588646,0,5,11,1,8,15,1,0,3,2,19,25,1,5,87,14,8,4
90207,1286,137602000,10.7,0,5,11,1,8,15,1,0,3,2,19,25,1,5,87,14,8,4
90208,2231.4,42389000,1.89965940665053,0,5,11,1,8,15,1,0,3,2,19,25,1,5,87,14,8,4
90210,124.52,0,0,0,5,11,1,8,15,1,0,3,2,19,25,1,5,87,14,8,4
90211,4629.28,940534400,20.3170773856842,0,5,11,1,8,15,1,0,3,2,19,25,1,5,87,14,8,4
90203,24.79,10192000,41.1133521581283,0,5,11,1,8,15,1,0,3,2,19,25,1,5,87,14,8,4
90202,9173.87,2613250000,28.4857971608492,0,5,11,1,8,15,1,0,3,2,19,25,1,5,87,14,8,4
90251,133.5,33422520,25.035595505618,0,1,8,0,2,4,0,0,1,0,7,0,2,0,24,1,1,0
90252,165.29,1464410,0.885964063161716,0,1,8,0,2,4,0,0,1,0,7,0,2,0,24,1,1,0
90197,21.28,0,0,0,5,11,1,8,15,1,0,3,2,19,25,1,5,87,14,8,4
90198,124.52,0,0,0,5,11,1,8,15,1,0,3,2,19,25,1,5,87,14,8,4
90199,1111.25,95400000,8.58492688413948,0,5,11,1,8,15,1,0,3,2,19,25,1,5,87,14,8,4
90200,122.4,0,0,0,5,11,1,8,15,1,0,3,2,19,25,1,5,87,14,8,4
90201,160.58,25120000,15.6432930626479,0,5,11,1,8,15,1,0,3,2,19,25,1,5,87,14,8,4
140309,122.4,0,0,0,5,11,1,8,15,1,0,3,2,19,25,1,5,87,14,8,4
90288,52.98,62499000,117.967157417894,0,8,14,4,7,13,0,0,5,2,31,24,1,0,64,7,7,1
90289,20078.94,9355600000,46.5940931144772,0,8,14,4,7,13,0,0,5,2,31,24,1,0,64,7,7,1
90228,1064.68,1413576950,132.770123417365,0,7,14,1,12,5,1,0,1,1,21,1,1,5,83,14,25,10
147282,793.39,98380000,12.3999546250898,0,7,14,1,12,5,1,0,1,1,21,1,1,5,83,14,25,10
90229,115.32,22948680,19.9,0,11,12,0,16,4,2,0,3,2,30,1,0,5,102,18,14,6
90272,90,74342000,82.6022222222222,1,14,9,0,29,19,2,0,9,3,44,1,0,25,187,31,23,14
984,1944,184680000,9.5,0,0,1,0,0,0,0,0,0,0,0,0,1,0,15,2,0,0
985,747,70965000,9.5,0,0,2,0,0,0,0,0,0,0,0,0,1,0,12,2,0,0
986,1617,153615000,9.5,0,0,2,0,0,0,0,0,0,0,0,0,2,0,8,1,0,0
987,1418,170160000,12,0,0,2,0,0,0,0,0,0,0,0,0,2,0,6,1,0,0
988,2152,258240000,12,0,0,2,0,0,0,0,0,0,0,0,0,0,0,11,2,0,0
989,2261,271320000,12,0,0,2,0,0,0,0,0,0,0,0,0,0,0,12,2,0,0
983,1534,145730000,9.5,0,0,2,0,0,0,0,0,0,0,0,0,1,0,12,2,0,0
982,1626,154470000,9.5,0,0,3,1,0,0,0,0,0,0,0,0,1,0,9,2,0,0
967,1372,130340000,9.5,0,0,1,1,0,0,0,0,0,0,1,0,1,0,14,3,0,0
968,1438,136610000,9.5,0,0,1,1,0,0,0,0,0,0,1,0,1,0,13,4,0,0
969,1963,191981400,9.78,0,0,1,1,0,0,0,0,0,0,1,0,1,0,16,4,0,0
971,20,1900000,9.5,0,0,2,1,0,0,0,0,0,0,1,0,1,0,15,4,0,0
974,1013,121560000,12,0,0,2,1,0,0,0,0,0,0,0,0,2,0,6,1,0,0
975,611,73320000,12,0,0,2,1,0,0,0,0,0,0,0,0,2,0,6,1,0,0
976,1690,53404000,3.16,0,0,2,0,0,0,0,0,0,0,0,0,2,0,8,2,0,0
977,172,5435200,3.16,0,0,3,1,0,0,0,0,0,0,0,0,2,0,7,1,0,0
978,132,4171200,3.16,0,0,3,1,0,0,0,0,0,0,0,0,2,0,7,1,0,0
980,452,42940000,9.5,0,0,2,1,0,0,0,0,0,0,0,0,1,0,10,3,0,0
981,188,17860000,9.5,0,0,2,1,0,0,0,0,0,0,0,0,1,0,10,3,0,0
166834,152,17024000,11.2,0,2,1,0,0,0,8,0,2,0,0,1,1,0,18,1,0,0
335,1351,297220000,22,0,0,5,1,7,0,2,0,1,0,4,1,0,0,39,3,7,3
223,878,339786000,38.7,0,1,6,1,7,0,1,0,2,0,6,1,0,0,43,3,7,3
94606,65,25155000,38.7,0,1,6,1,7,0,1,0,2,0,4,1,0,0,41,3,7,3
97820,49,16415000,33.5,0,2,6,1,5,2,3,1,1,0,12,0,0,0,48,7,6,3
471,213,30246000,14.2,0,3,6,3,2,0,0,0,1,0,6,2,2,1,26,6,4,3
95131,329,46718000,14.2,0,3,4,3,2,0,0,0,1,0,6,2,2,1,25,5,2,3
181486,57,8094000,14.2,0,3,4,3,2,0,0,0,1,0,6,2,2,1,26,5,4,3
472,503,61869000,12.3,0,4,4,3,2,0,0,0,1,0,4,2,2,1,25,6,4,3
473,898,127516000,14.2,0,4,4,3,2,0,0,0,1,0,6,2,2,1,26,6,4,3
474,446,54858000,12.3,0,4,3,3,2,0,0,0,1,0,3,2,2,1,25,6,4,3
475,30,4380000,14.6,0,3,3,3,2,0,0,0,1,0,3,2,2,1,24,6,4,3
476,1086,144438000,13.3,0,3,4,3,2,0,0,0,1,0,3,2,2,1,24,6,4,3
477,4,436000,10.9,0,3,4,1,2,0,0,0,1,0,3,2,2,1,24,6,4,3
478,11,1199000,10.9,0,3,5,1,2,0,0,0,1,0,3,2,2,1,25,6,4,3
189244,308,119730370,38.8734967532467,0,1,0,0,0,0,1,0,1,0,0,0,1,0,3,1,0,0
185927,85,32753300,38.5332941176471,0,1,0,0,0,0,1,0,1,0,0,0,1,0,3,1,0,0
185928,48,18495980,38.5332916666667,0,1,0,0,0,0,1,0,1,0,0,0,1,0,3,1,0,0
97821,309,103515000,33.5,0,1,5,1,4,2,3,0,1,0,10,0,0,0,32,4,2,1
188318,706,163604900,23.1734985835694,0,0,0,0,0,0,1,0,0,0,0,0,1,0,2,0,0,0
483,863,88889000,10.3,0,3,7,1,2,0,0,0,1,0,2,2,2,1,25,6,4,3
485,1114,114742000,10.3,0,3,9,1,2,0,0,0,1,0,2,2,2,1,26,6,4,3
486,9,927000,10.3,0,3,5,1,2,0,0,0,1,0,3,2,2,1,27,6,4,3
172587,417,37154700,8.91,0,0,0,0,0,0,0,0,0,0,0,0,0,0,0,0,0,0
172582,860,76626000,8.91,0,0,0,0,0,0,0,0,0,0,0,0,0,0,0,0,0,0
181025,159,62646000,39.4,0,0,0,0,0,0,0,0,0,0,0,0,0,0,1,0,0,0
186010,194,79734000,41.1,0,0,0,0,0,0,0,0,0,0,0,0,0,0,1,0,0,0
186416,170,15147000,8.91,0,0,0,0,0,0,0,0,0,0,0,0,0,0,1,0,0,0
186418,628,247432000,39.4,0,0,0,0,0,0,0,0,0,0,0,0,0,0,1,0,0,0
189243,152,36439710,23.9734934210526,0,0,0,0,0,0,0,0,0,0,0,0,1,0,2,0,0,0
97868,1123.4,60775940,5.41,0,4,21,5,14,0,0,0,2,0,15,0,1,0,69,5,0,0
97869,131.3,7103330,5.41,0,2,20,6,9,0,0,0,2,0,9,0,1,0,31,2,0,0
1044,205,28290000,13.8,0,13,9,0,27,7,3,0,9,4,44,3,2,18,310,43,10,7
1045,539,74382000,13.8,0,18,9,0,17,14,2,0,11,4,36,3,2,61,468,48,16,11
1047,527,72726000,13.8,0,9,15,0,26,7,3,0,4,3,40,2,2,6,205,32,5,2
1046,666,91908000,13.8,0,10,14,0,26,5,3,0,4,3,41,2,2,5,177,30,5,2
412,381,13677900,3.59,0,2,11,1,4,0,0,0,1,0,6,2,2,1,31,6,6,7
413,74,2565600,3.46702702702703,0,2,11,1,4,0,0,0,1,0,7,2,2,1,33,7,6,7
414,35,1256500,3.59,0,2,11,1,4,0,0,0,1,0,5,1,2,1,23,6,4,7
415,13,466700,3.59,0,2,11,1,4,0,0,0,1,0,5,1,2,1,18,5,4,6
416,1308,49542000,3.78761467889908,0,2,11,1,4,0,0,0,1,0,5,1,2,1,18,5,4,6
417,1118,40136200,3.59,0,2,11,1,4,0,0,0,1,0,5,1,2,1,24,6,4,7
418,203,7287700,3.59,0,2,11,1,6,0,0,0,1,0,5,0,2,1,18,5,4,7
419,87,3123300,3.59,0,1,11,2,4,0,0,0,1,0,3,1,2,1,16,5,4,5
420,44,1579600,3.59,0,1,11,1,6,0,0,0,1,0,5,0,2,1,15,3,4,6
421,43,1543677,3.58994651162791,0,1,11,2,4,0,0,0,1,0,3,1,2,1,16,5,4,5
422,145,5205500,3.59,0,1,11,1,6,0,0,0,1,0,5,0,2,1,15,3,4,6
213,1564.9,1721390000,110,3,7,15,5,16,0,2,0,2,0,20,0,1,0,130,29,7,2
212,42389,47051790000,111,1,5,14,4,16,0,1,0,1,0,16,0,1,0,53,10,4,2
151272,114,8094000,7.1,0,1,11,2,15,1,0,0,1,0,9,0,1,0,14,3,4,1
122340,312,263640000,84.5,0,2,4,0,0,6,0,0,1,1,9,1,0,0,35,1,2,2
122341,489,400491000,81.9,0,2,4,0,1,6,0,0,1,1,9,1,0,0,35,1,2,2
246,496,295120000,59.5,1,1,9,1,6,0,0,0,0,0,7,0,2,0,35,5,6,5
527,652,19560000,3,0,1,9,1,6,0,0,0,0,0,5,0,2,1,18,3,4,5
528,138,4140000,3,0,1,11,1,6,0,0,0,0,0,5,0,1,1,13,3,4,5
529,28,840000,3,0,1,11,1,4,0,0,0,0,0,5,0,2,1,14,3,4,4
410,71,2548900,3.59,0,1,10,1,7,0,0,0,0,0,5,0,2,1,15,3,4,5
411,43,1543700,3.59,0,1,11,1,6,0,0,0,1,0,5,0,2,1,15,3,4,6
151273,408,28968000,7.1,0,1,9,2,11,1,0,0,1,0,10,0,1,0,24,6,6,1
122306,112,26544000,23.7,0,2,8,2,3,1,2,0,2,0,4,1,0,0,50,2,3,1
122305,1751,432497000,24.7,0,2,8,2,2,1,2,0,2,0,5,1,0,0,52,2,3,1
321,68972,63385268000,91.9,0,4,1,0,2,4,4,0,3,2,4,0,0,0,31,6,1,0
323,7843,4274435000,54.5,0,4,6,2,1,2,0,0,0,0,2,1,0,0,30,2,0,0
1064,192.7,707866200,367.341048261546,2,12,23,3,145,12,2,0,9,1,28,7,1,0,286,29,35,12
210,3561.2,5519860000,155,2,11,18,6,64,11,2,0,8,1,34,6,1,3,248,28,19,7
46,1736.6,1694921600,97.6,2,14,21,6,149,12,2,0,9,1,35,7,1,0,301,33,37,12
1065,59,46787000,79.3,0,7,22,0,34,1,1,0,4,1,33,1,0,10,211,10,17,7
176266,536,101304000,18.9,0,4,17,3,15,0,0,0,4,3,16,0,1,0,74,12,0,0
227,6481.8,4145240730,63.9519999074331,0,11,18,4,133,11,2,0,8,1,16,5,1,0,253,27,33,10
222,12045.3,12527112000,104,2,14,26,4,99,7,1,0,8,2,36,3,0,1,227,29,32,13
220,2144.6,1925943200,89.8043084957568,2,14,26,4,99,7,1,0,8,2,36,3,0,1,227,29,32,13
97867,33760.3,1139747728,3.376,2,1,19,5,24,5,0,0,1,0,22,1,1,0,73,8,3,2
177316,31,81800,0.263870967741935,0,3,5,2,4,0,7,0,1,0,5,0,0,0,25,3,0,0
186637,893,96744200,10.8336170212766,0,2,7,0,15,1,1,0,0,3,7,1,1,0,33,6,6,1
122342,1908,123126000,6.45314465408805,0,1,9,2,11,1,0,0,1,0,8,0,1,0,24,6,6,1
159865,615,651900001,106.000000162602,0,2,3,0,0,0,2,0,0,0,3,1,1,0,7,1,0,0
166141,7,7420000,106,0,2,3,0,0,0,2,0,0,0,3,1,1,0,7,1,0,0
166143,3,3179999,105.999966666667,0,2,3,0,0,0,2,0,0,0,3,1,1,0,7,1,0,0
330,1635,107058120,6.54789724770642,0,3,5,2,4,1,8,0,1,0,5,0,0,0,24,3,0,0
171863,77,5041880,6.5478961038961,0,3,5,2,4,1,7,0,1,0,5,0,0,0,25,3,0,0
1062,46,18262000,39.7,0,3,21,3,26,4,0,0,0,0,13,0,2,0,41,1,3,2
318,3526,3240394000,91.9,0,2,2,0,5,3,6,0,3,1,2,2,0,0,28,5,0,0
317,14,2982000,21.3,1,6,3,2,16,4,4,0,4,5,30,2,0,3,101,11,8,2
316,3181,2923339000,91.9,0,0,1,0,0,2,3,0,3,1,0,0,0,0,14,1,0,0
166835,2495,279440000,11.2,0,1,1,0,0,0,11,0,1,0,0,1,1,0,19,2,0,0
166836,77,9317000,12.1,0,1,1,0,0,0,11,0,1,0,0,1,1,0,18,2,0,0
166837,292,35332000,12.1,0,1,1,0,0,0,11,0,1,0,0,1,1,0,17,2,0,0
166838,187,22627000,12.1,0,2,1,0,1,0,12,0,2,0,0,1,1,0,21,2,0,0
122311,223,150302000,67.4,0,1,7,2,2,1,1,0,1,0,5,0,0,0,30,1,2,1
160233,560,7658000,1.3675,0,0,1,0,0,1,0,0,0,0,0,0,3,0,4,0,0,0
160253,619,35623450,5.755,0,0,4,0,4,1,0,0,1,0,2,0,3,0,4,0,0,0
160234,64,875200,1.3675,0,0,9,0,4,3,0,0,1,0,2,0,3,0,5,0,0,0
160235,169,2311070,1.36749704142012,0,0,11,0,10,3,0,0,1,0,4,0,3,0,5,1,0,0
176655,152070,1.13e+11,74.3078845268626,0,2,7,2,3,2,1,0,2,0,8,0,0,0,45,1,2,1
122336,46,30038000,65.3,0,1,7,2,3,1,1,0,1,0,5,0,0,0,31,1,2,1
122337,246,171954000,69.9,0,3,5,1,1,5,2,0,1,0,11,1,0,0,39,1,2,2
122338,218,178542000,81.9,0,2,4,0,1,5,0,0,1,1,9,1,0,0,35,1,2,2
441,811,29114900,3.59,0,2,12,2,2,0,0,0,1,0,3,2,1,1,30,6,6,7
443,812,29150800,3.59,0,2,11,1,1,0,0,0,1,0,3,2,1,1,26,6,4,4
438,803,28827700,3.59,0,2,11,1,1,0,0,0,1,0,3,2,1,1,26,6,4,4
444,26,933400,3.59,0,3,9,2,2,0,0,0,1,0,2,2,1,1,25,6,4,4
188695,401,626998000,156.358603491272,0,0,0,0,0,0,0,0,0,0,0,0,0,0,0,0,0,0
188313,932,3760180,0.403452789699571,0,0,0,0,0,0,0,0,0,0,0,0,0,0,1,0,0,0
188314,945,3760180,0.397902645502646,0,0,0,0,0,0,0,0,0,0,0,0,0,0,1,0,0,0
188315,973,3760200,0.386454265159301,0,0,0,0,0,0,0,0,0,0,0,0,0,0,1,0,0,0
122299,327,31293900,9.57,0,1,3,0,0,5,0,0,1,1,8,1,1,0,29,1,2,2
122300,115,51405000,44.7,0,1,3,0,0,5,0,0,1,1,8,1,1,0,30,1,2,2
122301,43,11911000,27.7,0,2,4,0,1,5,1,0,1,1,8,1,0,0,35,1,2,2
122302,7301,1963969000,26.9,0,2,7,2,2,3,2,0,2,0,11,1,0,0,50,1,3,2
122303,26,9126000,35.1,0,2,4,0,0,6,1,0,1,1,8,1,0,0,34,1,2,2
122304,258,90816000,35.2,0,2,4,0,0,5,1,0,1,1,8,1,0,0,35,1,2,2
162025,136,1822400,1.34,0,0,0,0,0,0,0,0,0,0,0,0,2,0,4,0,0,0
122312,1496,354552000,23.7,0,0,7,2,2,1,3,0,1,0,4,0,0,0,27,1,1,1
122313,354,83898000,23.7,0,0,6,2,1,1,5,0,2,0,2,0,0,0,15,1,1,1
333,435,47144500,10.837816091954,0,0,4,2,1,1,5,0,2,0,1,0,0,0,10,1,0,1
334,609,155599500,25.55,0,0,2,0,0,1,5,0,1,0,1,0,0,0,13,1,0,0
122316,1155,820050000,71,0,0,7,2,2,1,3,0,1,0,3,0,0,0,24,1,1,1
122317,884,297908000,33.7,0,0,3,2,1,1,5,0,2,0,1,0,0,0,10,1,0,1
122318,2470,792870000,32.1,0,0,1,0,0,1,5,0,1,0,1,0,0,0,13,1,0,0
122319,257,173218000,67.4,0,0,6,2,1,1,5,0,2,0,1,0,0,0,15,1,1,1
122320,1218,60291000,4.95,0,2,1,0,0,1,5,0,1,0,3,1,1,0,19,0,0,0
122321,835,41332500,4.95,0,2,1,0,0,1,5,0,2,0,3,1,1,0,20,0,0,0
122323,2314,562302000,24.3,0,1,1,0,0,1,5,0,1,0,1,1,1,0,17,0,0,0
122327,1116,55242000,4.95,0,2,1,0,0,1,5,0,2,0,3,1,1,0,21,0,0,0
160251,271,7391520,2.72749815498155,0,0,10,0,10,3,0,0,1,0,3,0,3,0,5,1,0,0
157328,77,3703700,4.81,0,0,11,0,12,3,0,0,1,0,5,0,3,0,5,1,0,0
43280,74,3559400,4.81,0,0,11,0,12,3,0,0,1,0,5,0,3,0,6,1,0,0
157330,11,459800,4.18,0,0,13,1,14,3,0,0,1,0,6,0,3,0,8,2,0,0
43282,205,8569000,4.18,0,0,13,1,14,3,0,0,1,0,6,0,3,0,8,2,0,0
162027,802,11629000,1.45,0,0,0,0,0,0,0,0,0,0,0,0,4,0,2,0,0,0
43371,80,896000,1.12,0,0,0,0,0,0,0,0,0,0,0,0,3,0,3,0,0,0
158151,146,1635200,1.12,0,0,0,0,0,0,0,0,0,0,0,0,3,0,3,0,0,0
160259,33,1980000,6,0,0,0,0,0,0,0,0,0,0,0,0,3,0,3,0,0,0
160257,173,10034000,5.8,0,0,0,0,0,0,0,0,0,0,0,0,2,0,3,0,0,0
819,810,13608000,1.68,0,0,0,0,0,0,0,0,0,0,0,0,0,0,0,0,0,0
153617,9,4842000,53.8,1,7,12,2,15,3,1,0,2,0,27,0,1,0,54,20,3,1
844,1230,20664000,1.68,0,0,0,0,0,0,0,0,0,0,0,0,0,0,0,0,0,0
845,1779,29887200,1.68,0,0,0,0,0,0,0,0,0,0,0,0,0,0,0,0,0,0
846,1071,17992800,1.68,0,0,0,0,0,0,0,0,0,0,0,0,0,0,0,0,0,0
847,1917,32205600,1.68,0,0,0,0,0,0,0,0,0,0,0,0,0,0,0,0,0,0
848,1342,22545600,1.68,0,0,0,0,0,0,0,0,0,0,0,0,0,0,0,0,0,0
849,1607,81957000,5.1,0,0,0,0,0,0,0,0,0,0,0,0,0,0,0,0,0,0
850,3022,154122000,5.1,0,0,0,0,0,0,0,0,0,0,0,0,0,0,0,0,0,0
851,2988,152388000,5.1,0,0,0,0,0,0,0,0,0,0,0,0,0,0,0,0,0,0
852,1342,68442000,5.1,0,0,0,0,0,0,0,0,0,0,0,0,0,0,0,0,0,0
853,1583,80733000,5.1,0,0,0,0,0,0,0,0,0,0,0,0,0,0,0,0,0,0
854,221,11271000,5.1,0,0,0,0,0,0,0,0,0,0,0,0,0,0,0,0,0,0
855,512,26112000,5.1,0,0,0,0,0,0,0,0,0,0,0,0,0,0,0,0,0,0
186106,39.5,7.9e+07,200,2,12,29,1,48,10,0,1,9,1,33,0,1,0,164,26,31,9
119,105,49796250,47.425,1,8,2,0,1,12,4,0,6,0,11,0,1,0,107,35,4,0
120,2860,1415128000,49.48,1,8,2,0,1,12,4,0,8,0,15,0,1,0,119,38,6,1
121,502,166262840,33.1200876494024,1,9,2,0,1,13,4,0,6,0,12,0,1,0,114,36,5,0
122,705,317180640,44.9901617021277,1,9,2,0,1,12,4,0,7,0,14,0,1,0,132,38,6,0
123,1392,628696800,45.165,1,9,2,0,4,12,4,0,9,0,16,0,1,0,126,43,11,2
856,870,44370000,5.1,0,0,0,0,0,0,0,0,0,0,0,0,0,0,0,0,0,0
857,943,48093000,5.1,0,0,0,0,0,0,0,0,0,0,0,0,0,0,0,0,0,0
153621,12,6456000,53.8,1,6,11,2,16,3,1,0,4,0,26,0,1,0,57,19,3,1
166841,3,1680000,56,1,6,11,3,21,3,1,0,4,0,27,0,1,0,65,20,3,1
153622,76,40888000,53.8,1,6,11,2,21,3,1,0,4,0,30,0,1,0,64,20,4,1
858,279,14229000,5.1,0,0,0,0,0,0,0,0,0,0,0,0,0,0,0,0,0,0
859,960,48960000,5.1,0,0,0,0,0,0,0,0,0,0,0,0,0,0,0,0,0,0
860,61,3111000,5.1,0,0,0,0,0,0,0,0,0,0,0,0,0,0,0,0,0,0
861,516,26316000,5.1,0,0,0,0,0,0,0,0,0,0,0,0,0,0,0,0,0,0
862,1682,85782000,5.1,0,0,0,0,0,0,0,0,0,0,0,0,0,0,0,0,0,0
863,1633,83283000,5.1,0,0,0,0,0,0,0,0,0,0,0,0,0,0,0,0,0,0
823,1425,23940000,1.68,0,0,0,0,0,0,0,0,0,0,0,0,0,0,0,0,0,0
824,1567,26940000,1.71920867900447,0,0,0,0,0,0,0,0,0,0,0,0,0,0,0,0,0,0
825,2615,43932000,1.68,0,0,0,0,0,0,0,0,0,0,0,0,0,0,0,0,0,0
826,2023,33986400,1.68,0,0,0,0,0,0,0,0,0,0,0,0,0,0,0,0,0,0
827,1504,25267200,1.68,0,0,0,0,0,0,0,0,0,0,0,0,0,0,0,0,0,0
828,1130,18984000,1.68,0,0,0,0,0,0,0,0,0,0,0,0,0,0,0,0,0,0
829,302,5073600,1.68,0,1,0,0,0,0,1,0,0,0,0,0,0,0,0,0,0,0
820,1900,31920000,1.68,0,0,0,0,0,0,0,0,0,0,0,0,0,0,0,0,0,0
821,3015,50652000,1.68,0,0,0,0,0,0,0,0,0,0,0,0,0,0,0,0,0,0
822,2995,50316000,1.68,0,0,0,0,0,0,0,0,0,0,0,0,0,0,0,0,0,0
830,1268,21302400,1.68,0,1,0,0,0,0,1,0,0,0,0,1,0,0,2,1,0,0
832,896,15052800,1.68,0,1,0,0,0,0,1,0,0,0,0,1,0,0,1,1,0,0
833,1751,29416800,1.68,0,1,0,0,0,0,1,0,0,0,0,1,0,0,1,0,0,0
834,3012,50601600,1.68,0,1,0,0,0,0,1,0,0,0,0,0,0,0,1,0,0,0
835,85,11428000,13.4447058823529,0,1,0,0,0,0,1,0,0,0,0,0,0,0,0,0,0,0
836,2910,48888000,1.68,0,1,0,0,0,0,1,0,0,0,0,0,0,0,0,0,0,0
837,105,1764000,1.68,0,1,0,0,0,0,1,0,0,0,0,0,0,0,0,0,0,0
839,1079,18127200,1.68,0,0,0,0,0,0,0,0,0,0,0,0,0,0,0,0,0,0
840,1774,29803200,1.68,0,0,0,0,0,0,0,0,0,0,0,0,0,0,0,0,0,0
841,15,252000,1.68,0,0,0,0,0,0,0,0,0,0,0,0,0,0,0,0,0,0
842,989,16129600,1.63089989888777,0,0,0,0,0,0,0,0,0,0,0,0,0,0,0,0,0,0
843,1972,33129600,1.68,0,0,0,0,0,0,0,0,0,0,0,0,0,0,0,0,0,0
153623,289,155482000,53.8,1,4,9,2,13,3,1,0,1,0,25,0,2,0,38,18,2,1
668,2946,324060000,11,0,0,10,0,5,0,0,0,0,0,7,0,0,0,8,0,0,0
669,1537,169070000,11,0,0,9,0,5,0,0,0,0,0,7,0,0,0,8,0,0,0
670,433,47630000,11,0,0,8,0,5,0,0,0,0,0,7,0,0,0,8,0,0,0
671,849,75985000,8.94994110718492,0,0,10,0,4,0,0,0,0,0,7,0,0,0,7,0,0,0
672,87,7786500,8.95,0,0,5,0,2,0,0,0,0,0,5,0,0,0,5,0,0,0
673,1570,140515000,8.95,0,1,11,0,6,0,0,0,0,0,9,0,0,0,9,0,0,0
674,69,3312000,4.8,0,0,1,0,0,0,0,0,0,0,0,0,0,0,0,0,0,0
676,119,11566800,9.72,0,0,4,0,2,0,0,0,0,0,5,0,0,0,5,0,0,0
677,2955,287226000,9.72,0,0,6,0,2,0,0,0,0,0,6,0,0,0,7,0,0,0
678,872,79264800,9.09,0,0,3,0,0,0,0,0,0,0,4,0,0,0,2,0,0,0
679,5607,501826500,8.95,0,0,2,0,0,0,0,0,0,0,5,0,0,0,3,0,0,0
683,3127,279866500,8.95,0,0,2,0,0,0,0,0,0,0,6,0,0,0,6,0,0,0
650,421,47152000,11.2,0,2,3,0,3,0,1,0,1,0,4,1,0,0,9,0,0,0
651,489,54768000,11.2,0,2,3,0,3,0,1,0,1,0,3,1,0,0,9,0,0,0
652,28,3136000,11.2,0,2,3,0,3,0,1,0,1,0,5,1,0,0,9,0,0,0
653,8,896000,11.2,0,2,5,0,3,0,1,0,1,0,5,0,0,0,9,0,0,0
655,14,2618000,18.7,0,2,12,1,8,0,0,0,1,0,10,0,0,0,11,0,0,0
656,37,11470000,31,0,2,12,0,8,0,0,0,1,0,10,0,0,0,11,0,0,0
657,1455,130222500,8.95,0,0,11,0,5,0,0,0,0,0,8,0,0,0,8,0,0,0
658,4185,374557500,8.95,0,2,12,0,8,0,0,0,1,0,10,0,0,0,11,0,0,0
659,129,11545500,8.95,0,2,12,0,8,0,0,0,1,0,10,0,0,0,11,0,0,0
660,240,24960000,10.4,0,2,12,0,8,0,0,0,1,0,10,0,0,0,11,0,0,0
661,2345,257950000,11,0,2,12,0,8,0,0,0,1,0,10,0,0,0,11,0,0,0
97824,879,21096000,2.4,0,1,0,0,0,0,0,0,0,0,0,0,0,0,18,2,0,0
268,2914,728500000,25,0,2,3,1,0,3,0,0,1,0,3,0,2,0,18,0,0,0
269,2870,717500000,25,0,2,3,1,0,3,0,0,1,0,2,0,2,0,17,0,0,0
270,3096,7.74e+08,25,0,2,3,1,0,3,0,0,1,0,2,0,2,0,15,0,0,0
271,1524,324612000,21.3,0,2,3,1,0,3,0,0,1,0,2,0,2,0,15,0,0,0
272,2568,557256000,21.7,0,2,3,1,0,3,0,0,1,0,2,0,2,0,15,0,0,0
273,2584,560728000,21.7,0,1,3,1,0,3,0,0,1,0,4,0,1,0,12,0,0,0
274,2761,759275000,27.5,0,0,3,2,0,3,0,0,0,0,3,0,1,0,10,0,0,0
275,1498,411950000,27.5,0,0,3,3,0,3,0,0,0,0,3,0,1,0,10,0,0,0
276,35,13440000,38.4,0,0,4,3,0,3,0,0,0,0,3,0,2,0,10,0,0,0
277,655,251520000,38.4,0,1,7,3,4,3,0,0,0,0,6,0,2,0,18,2,0,0
278,2028,778752000,38.4,0,0,6,3,3,3,0,0,0,0,5,1,2,0,13,1,0,0
279,94,37600000,40,0,0,4,3,0,3,0,0,0,0,3,0,2,0,10,0,0,0
280,844,239696000,28.4,0,2,3,1,0,3,0,0,1,0,2,0,1,0,12,0,0,0
281,42,12726000,30.3,0,1,3,1,0,3,0,0,1,0,2,0,1,0,11,0,0,0
998,485,46075000,9.5,0,1,0,0,0,0,0,0,0,0,0,0,0,0,17,2,0,0
999,1627,154565000,9.5,0,1,0,0,0,0,0,0,0,0,0,0,0,0,17,2,0,0
1000,258,24510000,9.5,0,1,0,0,0,0,0,0,0,0,0,0,0,0,18,2,0,0
1001,146,13870000,9.5,0,1,0,0,0,0,0,0,0,0,0,0,0,0,18,2,0,0
1002,519,49305000,9.5,0,1,0,0,0,0,0,0,0,0,0,0,0,0,19,2,0,0
690,225,20565000,9.14,0,1,1,0,0,0,1,0,0,0,1,0,0,0,4,0,0,0
691,182,16634800,9.14,0,1,1,0,1,0,1,0,0,0,3,0,0,0,7,0,0,0
692,787,71931800,9.14,0,1,1,0,0,0,0,0,0,0,0,0,0,0,1,0,0,0
693,76,6946400,9.14,0,1,1,0,1,0,1,0,0,0,3,0,0,0,6,0,0,0
694,962,87926000,9.13991683991684,0,1,1,0,0,0,0,0,0,0,0,0,0,0,1,0,0,0
695,2595,237183000,9.14,0,0,1,0,0,0,0,0,0,0,1,0,0,0,1,0,0,0
696,463,42318200,9.14,0,0,1,0,0,0,0,0,0,0,0,0,0,0,0,0,0,0
697,162,14806800,9.14,0,0,2,0,0,0,0,0,0,0,1,0,0,0,0,0,0,0
698,499,45608600,9.14,0,0,1,0,0,0,0,0,0,0,0,0,0,0,0,0,0,0
699,142,12978800,9.14,0,0,1,0,0,0,0,0,0,0,0,0,0,0,0,0,0,0
166413,823,134149000,16.3,0,1,5,0,2,0,0,0,0,0,0,0,2,0,2,2,0,0
172876,19,3116000,16.4,0,1,5,0,2,0,0,0,0,0,0,0,2,0,2,2,0,0
646,292,27331200,9.36,0,2,8,0,5,0,0,0,0,0,7,0,1,0,3,1,0,0
647,16,1497600,9.36,0,2,9,0,5,0,0,0,0,0,7,0,1,0,3,1,0,0
689,1352,123572800,9.14,0,1,1,0,1,0,1,0,0,0,3,0,0,0,6,0,0,0
685,665,60781000,9.14,0,2,8,0,5,0,0,0,1,0,7,0,0,0,9,0,0,0
662,787,86570000,11,0,2,12,1,8,0,0,0,1,0,10,0,0,0,11,0,0,0
663,1752,192720000,11,0,2,12,0,8,0,0,0,1,0,10,0,0,0,11,0,0,0
664,2440,268400000,11,0,2,11,0,8,0,0,0,1,0,9,0,0,0,11,0,0,0
665,1377,143208000,10.4,0,1,10,0,7,0,0,0,1,0,7,0,0,0,11,0,0,0
666,2197,228488000,10.4,0,1,9,0,7,0,0,0,1,0,7,0,0,0,10,0,0,0
667,2182,240020000,11,0,0,10,0,6,0,0,0,0,0,7,0,0,0,9,0,0,0
686,2536,231790000,9.13998422712934,0,0,2,0,0,0,0,0,0,0,4,0,0,0,5,0,0,0
687,1997,182525800,9.14,0,1,1,0,1,0,0,0,0,0,4,0,0,0,6,0,0,0
688,139,12704600,9.14,0,1,7,0,3,0,0,0,1,0,7,0,0,0,9,0,0,0
684,215,25155000,11.7,0,1,1,0,1,0,1,0,0,0,3,0,0,0,7,0,0,0
1003,49,4655000,9.5,0,1,0,0,0,0,0,0,0,0,0,0,0,0,18,2,0,0
153624,157,84466000,53.8,1,5,8,2,13,3,1,0,1,0,24,0,1,0,40,18,3,1
256,67,14673000,21.9,0,0,3,2,0,3,0,0,0,0,3,0,0,0,5,0,0,0
257,94,21056000,22.4,0,0,3,2,0,3,0,0,0,0,3,1,0,0,5,0,0,0
255,126,28224000,22.4,0,0,2,1,0,3,0,0,0,0,3,0,0,0,9,0,0,0
258,327,69651000,21.3,0,1,1,0,0,2,0,0,1,0,1,0,1,0,9,0,0,0
259,2737,610351000,22.3,0,2,0,0,0,1,0,0,1,0,1,0,1,0,10,0,0,0
260,364,81172000,22.3,0,2,0,0,0,1,0,0,1,0,1,0,1,0,10,0,0,0
261,1055,235265000,22.3,0,2,0,0,0,1,0,0,1,0,1,0,1,0,10,0,0,0
262,658,363874000,55.3,0,2,1,0,0,1,0,0,1,0,1,0,1,0,11,0,0,0
263,496,274288000,55.3,0,2,1,0,0,2,0,0,1,0,1,0,1,0,11,0,0,0
265,2860,743600000,26,0,1,3,1,0,3,0,0,1,0,4,0,1,0,14,0,0,0
266,2916,7.29e+08,25,0,1,3,1,0,3,0,0,1,0,3,0,2,0,15,0,0,0
267,2964,7.41e+08,25,0,2,3,1,0,3,0,0,1,0,3,0,2,0,15,0,0,0
895,2965,156215000,5.26863406408094,0,0,0,0,0,0,0,0,0,0,0,0,0,0,1,0,0,0
896,32,1632000,5.1,0,0,0,0,0,0,0,0,0,0,0,0,0,0,1,0,0,0
897,642,32742000,5.1,0,0,0,0,0,0,0,0,0,0,0,0,0,0,1,0,0,0
898,1858,94758000,5.1,0,0,0,0,0,0,0,0,0,0,0,0,0,0,1,0,0,0
899,1145,58395000,5.1,0,0,0,0,0,0,0,0,0,0,0,0,0,0,1,0,0,0
900,1394,71094000,5.1,0,0,0,0,0,0,0,0,0,0,0,0,0,0,1,0,0,0
901,655,33405000,5.1,0,0,0,0,0,0,0,0,0,0,0,0,0,0,1,0,0,0
902,328,16728000,5.1,0,0,0,0,0,0,0,0,0,0,0,0,0,0,1,0,0,0
903,187,9537000,5.1,0,0,0,0,0,0,0,0,0,0,0,0,0,0,1,0,0,0
39,2083,197885000,9.5,0,0,0,0,0,0,0,0,0,0,0,0,2,0,2,0,0,0
573,93,5031300,5.41,0,0,0,0,0,0,0,0,0,0,0,0,0,0,0,0,0,0
97817,206,4078800,1.98,0,0,0,0,0,0,0,0,0,0,0,0,0,0,3,0,0,0
576,210,11361000,5.41,0,0,0,0,0,0,0,0,0,0,0,0,0,0,3,0,0,0
577,3052,165113200,5.41,0,0,0,0,0,0,0,0,0,0,0,0,0,0,0,0,0,0
578,2213,119723300,5.41,0,0,0,0,0,0,0,0,0,0,0,0,0,0,3,0,0,0
574,1015,54911500,5.41,0,0,1,0,0,1,0,0,0,0,0,0,0,0,5,0,0,0
575,970,52477000,5.41,0,0,1,0,0,1,0,0,0,0,1,0,0,0,6,0,0,0
579,1413,76443300,5.41,0,0,1,0,0,1,0,0,0,0,3,0,0,0,7,0,0,0
580,339,18339900,5.41,0,0,2,0,0,1,0,0,0,0,3,0,0,0,8,0,0,0
581,773,41819300,5.41,0,0,2,0,0,1,0,0,0,0,3,0,0,0,8,0,0,0
582,753,40737300,5.41,0,0,2,0,0,1,0,0,0,0,3,0,0,0,8,0,0,0
583,1298,70221800,5.41,0,0,6,0,0,1,0,0,0,0,3,1,0,0,11,0,0,0
584,973,52639300,5.41,0,0,6,0,0,1,0,0,0,0,3,1,0,0,11,0,0,0
585,267,14444700,5.41,0,0,6,0,0,1,0,0,0,0,3,1,0,0,11,0,0,0
586,337,18433900,5.47,0,0,6,0,0,1,0,0,0,0,3,1,0,0,11,0,0,0
587,382,20895400,5.47,0,0,7,0,1,1,0,0,0,0,3,1,0,0,11,0,0,0
588,285,15589500,5.47,0,0,7,0,1,1,0,0,0,0,4,1,0,0,12,0,0,0
589,78,3588000,4.6,0,0,8,0,1,1,0,0,0,0,4,1,0,0,12,0,0,0
590,321,14766000,4.6,0,0,8,0,1,1,0,0,0,0,5,1,0,0,14,0,0,0
894,14,714000,5.1,0,0,0,0,0,0,0,0,0,0,0,0,0,0,1,0,0,0
893,1709,87159000,5.1,0,0,0,0,0,0,0,0,0,0,0,0,0,0,0,0,0,0
892,690,35190000,5.1,0,0,0,0,0,0,0,0,0,0,0,0,0,0,0,0,0,0
875,72,3672000,5.1,0,0,0,0,0,0,0,0,0,0,0,0,0,0,0,0,0,0
876,6,306000,5.1,0,0,0,0,0,0,0,0,0,0,0,0,0,0,0,0,0,0
878,27,453600,1.68,0,1,0,0,0,0,1,0,0,0,0,0,0,0,1,0,0,0
879,121,2032800,1.68,0,1,0,0,0,0,1,0,0,0,0,1,0,0,1,0,0,0
880,685,11508000,1.68,0,1,0,0,0,0,1,0,0,0,0,1,0,0,1,1,0,0
881,1156,19420000,1.67993079584775,0,1,0,0,0,0,1,0,0,0,2,1,0,0,1,1,0,0
882,224,3763200,1.68,0,1,0,0,1,0,1,0,0,0,3,1,0,0,2,2,0,0
883,777,13053600,1.68,0,2,2,1,3,0,1,0,1,0,7,1,0,0,8,2,0,0
884,396,6652800,1.68,0,1,1,0,1,0,1,0,0,0,5,1,0,0,2,2,0,0
885,1512,25401600,1.68,0,2,2,0,3,0,1,0,1,0,6,1,0,0,7,2,0,0
874,636,32436000,5.1,0,0,0,0,0,0,0,0,0,0,0,0,0,0,0,0,0,0
872,1261,64311000,5.1,0,0,0,0,0,0,0,0,0,0,0,0,0,0,0,0,0,0
97844,15,8070000,53.8,1,11,13,2,10,4,0,1,1,0,24,0,1,0,97,24,2,1
97845,202,48480000,24,1,11,13,2,13,4,0,1,2,0,24,0,1,0,100,24,2,2
166210,41,22058000,53.8,1,11,13,2,10,4,0,1,2,0,24,0,1,0,97,24,2,1
97846,724,9438000,1.30359116022099,1,12,14,2,21,4,0,1,2,0,21,0,1,0,111,25,3,2
97847,130,9438000,7.26,1,9,14,2,16,4,1,1,2,0,28,0,1,0,94,24,3,1
97848,50,2970000,5.94,1,12,15,2,28,4,0,1,3,0,30,0,1,0,126,26,6,3
97849,19,2432000,12.8,1,7,11,3,32,3,1,0,5,0,30,0,2,0,106,22,6,2
97850,40,17920000,44.8,1,7,11,3,32,3,1,0,5,0,30,0,2,0,106,22,6,2
166842,139,72280000,52,1,7,11,2,21,3,1,0,4,0,31,0,2,0,64,21,4,1
294,1963,1001130000,51,0,0,4,2,0,4,0,0,0,0,4,1,0,0,8,0,0,0
295,2030,678020000,33.4,0,0,4,2,0,4,0,0,0,0,4,1,0,0,8,0,0,0
292,1993,781256000,39.2,0,0,4,2,0,4,0,0,0,0,4,1,0,0,8,0,0,0
293,2100,823200000,39.2,0,0,4,2,0,4,0,0,0,0,4,1,0,0,8,0,0,0
296,4005,2042550000,51,0,0,10,2,4,5,0,0,0,0,9,2,1,0,11,0,0,0
297,1058,751180000,71,0,0,6,2,3,4,0,0,0,0,9,2,1,0,10,0,0,0
299,698,355980000,51,0,0,4,2,0,3,0,0,0,0,3,1,0,0,5,0,0,0
864,1212,61812000,5.1,0,0,0,0,0,0,0,0,0,0,0,0,0,0,0,0,0,0
865,2979,151929000,5.1,0,0,0,0,0,0,0,0,0,0,0,0,0,0,0,0,0,0
866,35,1785000,5.1,0,0,0,0,0,0,0,0,0,0,0,0,0,0,0,0,0,0
867,3000,1.53e+08,5.1,0,0,0,0,0,0,0,0,0,0,0,0,0,0,0,0,0,0
868,458,23358000,5.1,0,0,0,0,0,0,0,0,0,0,0,0,0,0,0,0,0,0
869,2468,125868000,5.1,0,0,0,0,0,0,0,0,0,0,0,0,0,0,0,0,0,0
870,1120,57120000,5.1,0,0,0,0,0,0,0,0,0,0,0,0,0,0,0,0,0,0
871,1888,96288000,5.1,0,0,0,0,0,0,0,0,0,0,0,0,0,0,0,0,0,0
302,6070,3987990000,65.7,0,0,4,2,0,3,0,0,0,0,3,1,0,0,5,0,0,0
307,2988,830664000,27.8,0,0,3,2,0,3,0,0,0,0,2,1,0,0,5,0,0,0
308,2982,828996000,27.8,0,0,3,2,0,3,0,0,0,0,3,1,0,0,5,0,0,0
303,2969,825382000,27.8,0,0,3,2,0,3,0,0,0,0,3,1,0,0,5,0,0,0
304,2962,823436000,27.8,0,0,3,2,0,3,0,0,0,0,3,1,0,0,5,0,0,0
305,1511,420058000,27.8,0,0,3,2,0,3,0,0,0,0,3,1,0,0,5,0,0,0
306,3994,1066398000,26.7,0,0,3,2,0,3,0,0,0,0,3,1,0,0,5,0,0,0
309,4598,1278244000,27.8,0,0,2,1,0,3,0,0,0,0,2,0,0,0,6,0,0,0
310,3154,876812000,27.8,0,0,2,1,0,3,0,0,0,0,2,0,0,0,5,0,0,0
311,3154,876812000,27.8,0,0,2,1,0,3,0,0,0,0,2,0,0,0,5,0,0,0
312,3164,879592000,27.8,0,0,2,1,0,3,0,0,0,0,2,0,0,0,5,0,0,0
313,3150,875700000,27.8,0,0,2,1,0,3,0,0,0,0,3,0,0,0,7,0,0,0
248,2869,880783000,30.7,0,0,1,1,0,2,0,0,0,0,0,0,0,0,6,0,0,0
249,1993,554054000,27.8,0,0,1,1,0,2,0,0,0,0,0,0,0,0,6,0,0,0
250,2360,656080000,27.8,0,0,1,0,0,2,0,0,0,0,1,0,0,0,8,0,0,0
251,2717,755326000,27.8,0,0,1,0,0,2,0,0,0,0,1,0,1,0,9,0,0,0
252,3128,828920000,26.5,0,1,1,0,0,2,0,0,1,0,1,0,1,0,9,0,0,0
247,3441,880896000,25.6,0,1,1,0,0,2,0,0,1,0,1,0,1,0,10,0,0,0
253,13061,2781993000,21.3,0,0,3,2,0,3,0,0,0,0,3,0,0,0,9,0,0,0
254,118,26432000,22.4,0,0,3,2,0,3,0,0,0,0,3,0,0,0,6,0,0,0
886,59,3009000,5.1,0,0,0,0,0,0,0,0,0,0,0,0,0,0,0,0,0,0
887,173,8823000,5.1,0,0,0,0,0,0,0,0,0,0,0,0,0,0,0,0,0,0
888,299,15249000,5.1,0,0,0,0,0,0,0,0,0,0,0,0,0,0,0,0,0,0
889,989,50439000,5.1,0,0,0,0,0,0,0,0,0,0,0,0,0,0,0,0,0,0
890,1643,83793000,5.1,0,0,0,0,0,0,0,0,0,0,0,0,0,0,0,0,0,0
891,324,16524000,5.1,0,0,0,0,0,0,0,0,0,0,0,0,0,0,0,0,0,0
190685,494,350740000,71,0,0,10,2,4,4,0,0,0,0,9,2,1,0,13,0,0,0
300,2397,939624000,39.2,0,0,4,2,0,3,0,0,0,0,3,1,0,0,5,0,0,0
1004,138,13110000,9.5,0,1,0,0,0,0,0,0,0,0,0,0,0,0,18,2,0,0
525,68,6181200,9.09,0,1,11,1,6,0,0,0,0,0,5,0,2,1,15,3,4,6
166164,38,3454200,9.09,0,1,11,1,6,0,0,0,0,0,5,0,2,1,15,3,4,5
530,152,5033358,3.31141973684211,0,1,11,1,6,0,0,0,0,0,5,0,2,1,15,3,4,6
182754,9,298027,3.31141111111111,0,1,11,1,6,0,0,0,0,0,5,0,2,1,15,3,4,6
182755,128,4238615,3.31141796875,0,1,11,1,7,0,0,0,0,0,5,0,2,1,15,3,4,5
97816,245,2102100,0.858,0,1,11,1,6,0,0,0,0,0,5,0,2,1,15,3,4,5
187333,15,2374605,15.8307,0,3,8,1,5,0,0,0,0,0,9,0,1,0,43,4,1,0
187329,1,31599,3.1599,0,4,8,1,7,0,0,0,0,0,9,0,1,0,46,4,1,0
1031,464,14476800,3.12,0,0,2,0,0,0,0,0,0,0,0,0,0,0,3,0,0,0
1032,318,9912600,3.11716981132076,0,0,2,0,0,0,0,0,0,0,0,0,0,0,5,1,0,0
1034,7305,227916000,3.12,0,0,2,0,0,0,0,0,0,0,0,0,0,0,3,0,0,0
1035,793,64629500,8.15,0,0,2,0,0,0,0,0,0,0,0,0,1,0,5,1,0,0
1036,2490,202935000,8.15,0,0,2,0,0,0,0,0,0,0,0,0,1,0,5,1,0,0
1037,823,25677600,3.12,0,0,2,0,0,0,0,0,0,0,0,0,1,0,4,0,0,0
1005,20,2080000,10.4,0,1,0,0,0,0,0,0,0,0,0,0,0,0,19,2,0,0
1006,329.21,35880000,10.8988183834027,0,1,0,0,0,0,0,0,0,0,0,0,0,0,18,2,0,0
1007,145.05,15808019,10.8983240261979,0,1,0,0,0,0,0,0,0,0,0,0,0,0,18,2,0,0
186104,7.63,831981,10.9040760157274,0,1,0,0,0,0,0,0,0,0,0,0,0,0,17,2,0,0
1033,445,13884000,3.12,0,0,2,0,0,0,0,0,0,0,0,0,0,0,4,1,0,0
176416,1117,34850400,3.12,0,0,2,0,0,0,0,0,0,0,0,0,0,0,4,1,0,0
1008,1247,117467400,9.42,0,1,2,0,0,0,0,0,0,0,0,0,0,0,16,2,0,0
1009,364,34288800,9.42,0,0,2,0,0,0,0,0,0,0,0,0,0,0,12,2,0,0
1010,566,46159000,8.15530035335689,0,0,2,0,0,0,0,0,0,0,0,0,0,0,11,2,0,0
1011,51,4156500,8.15,0,0,2,0,0,0,0,0,0,0,0,0,0,0,6,1,0,0
1012,181,14751500,8.15,0,0,2,0,0,0,0,0,0,0,0,0,0,0,6,1,0,0
1013,197,16055500,8.15,0,0,2,0,0,0,0,0,0,0,0,0,0,0,6,1,0,0
166168,37,317460,0.858,0,1,11,1,7,0,0,0,0,0,5,0,2,1,15,3,4,5
166373,96,14496000,15.1,0,0,9,1,5,0,0,0,0,0,5,0,1,0,15,2,2,3
526,1614,48420000,3,0,0,9,1,5,0,0,0,0,0,5,0,1,0,15,2,2,3
187317,743,101048000,13.6,0,4,9,1,8,0,0,0,0,0,12,2,1,0,52,2,2,3
187322,96,13056000,13.6,0,4,9,0,9,0,0,0,0,0,13,2,1,0,54,2,3,3
187318,7,952000,13.6,0,4,9,1,8,0,0,0,0,0,12,2,1,0,50,2,2,3
1038,201,6271200,3.12,0,5,14,0,21,0,1,0,0,0,18,0,0,0,122,13,9,3
1039,5095,218400,0.00428655544651619,0,0,2,0,0,0,0,0,0,0,0,0,0,0,3,0,0,0
1040,13286,414523200,3.12,0,0,2,0,0,0,0,0,0,0,0,0,0,0,3,0,0,0
91241,738,115128000,15.6,1,9,2,0,2,11,4,0,8,0,15,0,1,0,106,38,6,1
188,20,3360000,16.8,1,8,2,0,1,11,3,0,6,0,15,0,1,0,93,34,6,0
189,2517,326960000,12.9900675407231,2,8,2,0,19,13,4,0,9,0,33,2,0,0,111,37,22,4
190,197,84194000,42.7380710659898,1,8,2,0,8,10,3,0,6,0,24,2,0,0,79,28,7,1
185332,78,44049380,56.4735641025641,0,3,11,1,10,4,0,0,0,0,5,0,2,0,15,0,1,0
162034,83,6573600,7.92,0,0,0,0,0,0,0,0,0,0,0,0,4,0,3,0,0,0
157334,149,4857400,3.26,0,0,0,0,0,0,0,0,0,0,0,0,3,0,3,0,0,0
43361,65,2119000,3.26,0,0,0,0,0,0,0,0,0,0,0,0,1,0,5,0,0,0
160255,125,11637500,9.31,0,0,0,0,0,0,0,0,0,0,0,0,2,0,4,0,0,0
166839,1888,220896000,11.7,0,1,1,0,1,0,11,0,1,0,0,1,1,0,20,2,0,0
122334,679,102529000,15.1,0,2,1,0,1,0,11,0,1,0,0,1,1,0,21,1,0,0
122335,289,42483000,14.7,0,2,1,0,0,0,11,0,0,0,0,1,1,0,21,1,0,0
166840,1,277000,27.7,0,2,1,0,0,1,5,0,1,0,3,1,1,0,19,0,0,0
159568,265,15502500,5.85,0,0,0,0,0,0,0,0,0,0,0,0,1,0,3,0,0,0
174172,149,3799500,2.55,0,0,0,0,0,0,0,0,0,0,0,0,1,0,3,0,0,0
174171,190,8502800,4.47515789473684,0,0,0,0,0,0,0,0,0,0,0,0,1,0,3,0,0,0
148293,268,6432000,2.4,0,0,0,0,0,0,0,0,0,0,0,0,0,0,2,0,0,0
225,198,542520,0.274,0,0,0,0,0,0,0,0,0,0,0,0,1,0,0,0,0,0
226,462,1265880,0.274,0,0,0,0,0,0,0,0,0,0,0,0,1,0,0,0,0,0
331,466,13048000,2.8,0,0,1,0,0,0,0,0,0,0,0,0,0,0,11,0,0,0
332,187,5236000,2.8,0,0,1,0,0,0,0,0,0,0,0,0,0,0,10,0,0,0
1071,120,20520000,17.1,1,9,6,1,6,6,0,0,3,0,13,0,2,8,184,16,3,3
1072,1095,187245000,17.1,1,9,6,1,7,6,0,0,3,0,13,0,2,8,190,16,3,3
1073,4484,672600000,15,1,8,4,1,4,5,0,0,2,0,10,0,2,8,157,15,2,3
1074,83,47808000,57.6,1,8,4,1,5,5,0,0,2,0,12,0,2,8,168,15,3,3
97780,668,396792000,59.4,1,8,4,1,6,5,0,0,2,0,12,0,2,8,169,15,3,3
97781,79,45899000,58.1,1,6,6,1,6,5,0,0,2,0,12,0,2,8,173,15,3,3
40,501.6,6.27e+08,125,2,14,15,2,9,7,3,0,4,0,44,2,0,0,154,14,17,12
148608,841,145072500,17.25,1,4,3,0,7,7,0,0,1,0,17,1,0,0,83,6,13,6
42,493,299744000,60.8,1,6,3,0,6,5,0,0,1,0,8,1,0,0,44,5,14,7
41,281,170848000,60.8,1,6,3,0,5,5,0,0,1,0,8,1,0,0,44,5,14,7
97819,102,14382000,14.1,1,13,18,1,26,8,3,1,4,0,62,0,0,0,297,17,14,6
179220,392,45864000,11.7,0,2,1,0,0,0,13,0,2,0,2,1,1,0,24,2,0,0
148609,149,96254000,64.6,0,2,1,0,0,0,13,0,2,0,2,1,1,0,23,2,0,0
166350,279,70587000,25.3,0,2,1,0,0,1,5,0,2,0,3,1,1,0,19,0,0,0
166832,2734,139707400,5.11,0,2,1,0,0,0,8,0,1,0,3,1,1,0,23,1,0,0
155637,122,27999000,22.95,0,0,0,0,0,0,0,0,0,0,0,0,4,0,15,1,0,0
155638,34,2006000,5.9,0,0,0,0,0,0,0,0,0,0,0,0,4,0,16,1,0,0
151274,724,41268000,5.7,0,0,0,0,0,0,0,0,0,0,0,0,5,0,15,1,0,0
36,815,1450700000,178,1,5,17,3,15,9,1,1,3,1,17,1,0,1,151,6,14,7
37,165,293700000,178,1,5,19,3,14,9,1,1,3,1,16,1,0,1,153,6,15,7
172583,210,26880000,12.8,0,0,0,0,0,1,0,0,0,1,0,0,0,0,2,1,0,0
172853,243,31104000,12.8,0,0,0,0,0,1,0,0,0,1,0,0,0,0,2,1,0,0
172584,401,51328000,12.8,0,0,0,0,0,1,0,0,0,1,0,0,0,0,2,1,0,0
172585,515,48925000,9.5,0,0,0,0,0,0,0,0,0,0,1,0,0,0,1,1,0,0
172586,194,17285400,8.91,0,0,0,0,0,0,0,0,0,0,0,0,0,0,0,0,0,0
162019,67,2418700,3.61,0,0,11,0,12,3,0,0,1,0,4,0,3,0,5,1,0,0
162017,54,1657800,3.07,0,0,11,0,12,3,0,0,1,0,4,0,3,0,5,1,0,0
162016,7,214900,3.07,0,0,12,0,12,3,0,0,1,0,5,0,3,0,6,1,0,0
162015,54,1657800,3.07,0,1,13,1,16,3,0,0,1,0,7,0,3,0,12,4,0,0
43390,600,12300000,2.05,0,4,14,2,25,5,0,0,1,0,13,0,3,0,42,4,4,3
27,24.78,28001400,113,1,13,23,4,47,5,2,0,9,5,38,9,0,1,247,33,40,17
28,24.83,28057900,113,1,13,23,4,47,5,2,0,9,5,38,9,0,1,247,33,40,17
29,24.78,28001400,113,1,13,23,4,47,5,2,0,9,5,38,9,0,1,247,33,40,17
30,35.11,39674300,113,1,13,23,4,47,5,2,0,9,5,38,9,0,1,247,33,40,17
31,35.11,39674300,113,1,13,23,4,47,5,2,0,9,5,38,9,0,1,247,33,40,17
328,872761,2565917340,0.294,0,0,0,0,0,0,0,0,0,0,0,0,0,0,2,0,0,0
154290,338,17745000,5.25,0,0,0,0,0,0,0,0,0,0,0,0,5,0,15,1,0,0
186011,17,3802320,22.3665882352941,0,0,0,0,0,0,1,0,0,0,0,0,1,0,2,0,0,0
214,6749,3232771000,47.9,0,1,0,0,0,1,3,0,0,0,2,0,1,0,11,1,0,0
43,5916,692172000,11.7,0,1,1,0,2,1,3,0,0,0,3,0,1,0,18,1,0,0
188647,854,167668380,19.633299765808,0,0,0,0,0,0,0,0,0,0,0,0,0,0,0,0,0,0
188468,912,179055690,19.6332993421053,0,0,0,0,0,0,0,0,0,0,0,0,0,0,0,0,0,0
188467,186,36517930,19.6332956989247,0,0,0,0,0,0,0,0,0,0,0,0,0,0,0,0,0,0
186012,85,16688300,19.6332941176471,0,0,0,0,0,0,0,0,0,0,0,0,0,0,0,0,0,0
186013,29,5693650,19.633275862069,0,0,0,0,0,0,0,0,0,0,0,0,0,0,0,0,0,0
186014,5,981660,19.6332,0,0,0,0,0,0,0,0,0,0,0,0,0,0,0,0,0,0
215,37488,200185920,0.534,0,1,0,0,0,0,0,0,0,0,0,0,1,0,5,1,0,0
216,32430,163447200,0.504,0,0,0,0,0,0,0,0,0,0,0,0,1,0,2,0,0,0
217,58409,286204100,0.49,0,0,0,0,0,0,0,0,0,0,0,0,0,0,6,0,0,0
322,2240.2,1565760000,69.8937594857602,0,0,1,0,0,2,3,0,3,1,0,0,0,0,3,1,0,0
315,27200,23473600000,86.3,0,2,1,0,4,3,6,0,3,1,2,0,0,0,22,3,0,0
319,6792,429254400,6.32,0,0,0,0,0,1,3,0,3,1,0,0,0,0,10,1,0,0
320,87,79953000,91.9,0,0,0,0,0,1,1,0,0,1,0,0,0,0,3,1,0,0
189294,1250,224263630,17.9410904,0,0,0,0,0,0,0,0,0,0,0,0,0,0,0,0,0,0
190557,87,17695970,20.3401954022988,0,0,0,0,0,0,0,0,0,0,0,0,0,0,0,0,0,0
185925,93,18258960,19.6332903225806,0,0,0,0,0,0,0,0,0,0,0,0,0,0,0,0,0,0
185923,852,167275710,19.6332992957746,0,0,0,0,0,0,0,0,0,0,0,0,0,0,0,0,0,0
188316,500,98166500,19.6333,0,0,0,0,0,0,0,0,0,0,0,0,0,0,0,0,0,0
188317,880,174116040,19.7859136363636,0,0,0,0,0,0,0,0,0,0,0,0,0,0,0,0,0,0
185924,506,99344490,19.6332984189723,0,0,0,0,0,0,0,0,0,0,0,0,0,0,0,0,0,0
166833,3641,804661000,22.1,0,2,1,0,0,0,7,0,1,0,3,1,1,0,21,1,0,0
934,1,136000,13.6,0,4,9,1,8,0,0,0,0,0,12,2,1,0,50,2,2,3
930,893,121448000,13.6,0,4,10,1,8,0,0,0,0,0,12,2,1,0,48,2,2,3
935,134,19296000,14.4,0,1,8,0,3,0,0,0,0,0,7,0,1,0,39,4,1,0
936,36,5184000,14.4,0,1,8,0,2,0,0,0,0,0,5,0,1,0,37,5,1,0
938,40,5760000,14.4,0,4,8,1,5,0,0,0,0,0,9,0,1,0,45,3,1,0
94626,1135,163440000,14.4,0,3,8,0,4,0,0,0,0,0,9,0,1,0,44,4,1,0
94627,10,1440000,14.4,0,4,8,1,7,0,0,0,0,0,10,0,1,0,48,4,1,1
124372,111,15984000,14.4,0,1,8,0,4,0,0,0,0,0,8,0,1,0,43,5,1,0
187327,25,3600000,14.4,0,1,8,0,4,0,0,0,0,0,8,0,1,0,43,5,1,0
187325,130,18720000,14.4,0,4,8,1,7,0,0,0,0,0,10,0,1,0,45,3,1,0
939,38,5472000,14.4,0,3,5,1,1,0,0,0,0,0,3,0,1,0,33,2,1,0
940,2613,82570224,3.15997795637199,0,3,8,1,2,0,0,0,0,0,5,0,1,0,38,4,1,0
124374,81,2559582,3.15997777777778,0,4,8,1,5,0,0,0,0,0,9,0,1,0,46,4,1,0
124375,21,663595,3.15997619047619,0,4,8,1,7,0,0,0,0,0,10,0,1,0,48,4,1,1
928,354,48144000,13.6,0,4,9,1,8,0,0,0,0,0,12,2,1,0,42,0,2,2
929,46,6256000,13.6,0,4,8,0,10,0,0,0,0,0,13,2,2,0,49,1,2,2
932,386,52496000,13.6,0,4,10,1,7,0,0,0,0,0,12,2,1,1,46,2,2,3
933,4,544000,13.6,0,4,9,0,10,0,0,0,0,0,13,2,2,0,49,0,3,2
60,1010,1535200000,152,0,6,2,0,11,11,1,0,3,0,27,2,0,0,58,22,8,1
61,377,573040000,152,1,7,2,1,13,11,1,0,5,0,32,3,0,0,76,25,9,2
62,1537,2336240000,152,1,7,2,1,13,11,1,0,5,0,32,3,0,0,74,25,9,2
63,1564,2377280000,152,2,7,3,1,13,13,1,0,6,0,34,3,0,0,85,30,9,3
64,701,1065520000,152,2,7,2,1,13,13,1,0,5,0,32,3,0,0,77,27,9,2
59,832,1264640000,152,0,6,2,0,11,11,1,0,3,0,27,2,0,0,60,22,8,1
58,347,527440000,152,0,6,2,0,11,11,1,0,4,0,28,2,0,0,59,22,8,1
57,673,1022960000,152,1,6,2,0,8,10,2,0,5,0,26,2,0,0,61,23,7,1
134,29,15737330,54.2666551724138,1,8,2,0,8,10,3,0,6,0,25,2,0,0,77,29,7,1
136,1635,251603000,15.3885626911315,1,8,2,0,2,11,3,0,7,0,20,0,1,0,99,32,6,1
139,213,96844000,45.4666666666667,1,8,2,0,1,11,3,0,6,0,15,0,2,0,83,31,5,0
140,399,4395710,1.10168170426065,1,6,2,0,2,11,2,0,4,0,21,0,2,0,71,29,5,0
141,1301,121396000,9.33097617217525,1,8,2,0,2,11,3,0,6,0,25,0,0,0,88,31,6,1
142,474,5227860,1.10292405063291,1,6,2,0,2,10,3,0,5,0,23,0,0,0,75,29,5,0
143,648,347544000,53.6333333333333,1,7,2,0,8,10,2,0,5,0,25,2,0,0,66,25,7,1
54,804,1222080000,152,0,5,2,0,1,11,0,0,3,0,22,0,2,0,31,16,1,0
55,638,969760000,152,0,5,2,0,8,11,0,0,3,0,22,2,1,0,41,21,4,0
56,1168,1775360000,152,1,5,2,0,8,11,1,0,4,0,24,2,0,0,51,22,6,0
520,874,81107200,9.28,0,1,10,1,6,0,0,0,0,0,5,0,1,0,15,3,2,5
521,63,5846400,9.28,0,1,10,1,6,0,0,0,0,0,5,0,1,0,15,3,4,5
522,635,57721500,9.09,0,1,11,1,6,0,0,0,0,0,5,0,1,1,14,3,4,5
523,423,38450700,9.09,0,1,11,1,6,0,0,0,0,0,5,0,2,1,14,3,4,5
524,627,56994300,9.09,0,1,11,1,6,0,0,0,0,0,5,0,1,1,14,3,4,5
187320,459,62424000,13.6,0,4,9,0,10,0,0,0,0,0,13,2,2,0,52,0,3,2
187315,1517,206312000,13.6,0,5,8,0,10,0,0,0,0,0,13,2,2,0,53,0,3,2
923,65,7735000,11.9,0,5,8,0,9,0,0,0,0,0,13,1,2,0,64,1,3,2
187313,845,100555000,11.9,0,5,8,0,9,0,0,0,0,0,13,0,2,0,62,0,3,2
912,533,65026000,12.2,0,5,8,0,9,0,0,0,0,0,11,0,1,0,70,4,3,2
187311,1231,185881000,15.1,0,5,8,0,9,0,0,0,0,0,10,0,2,0,60,3,2,2
187309,205,19475000,9.5,0,5,8,0,7,0,0,0,0,0,11,0,1,0,64,5,2,2
187307,958,91010000,9.5,0,4,8,0,7,0,0,0,0,0,10,0,1,0,57,5,2,1
911,231,28182000,12.2,0,4,8,0,7,0,0,0,0,0,11,0,1,0,61,5,2,2
913,198,18810000,9.5,0,4,8,1,7,0,0,0,0,0,11,0,1,0,62,5,2,1
914,4,380000,9.5,0,4,8,1,7,0,0,0,0,0,11,0,1,0,60,4,2,1
917,53,5035000,9.5,0,4,8,1,7,0,0,0,0,0,11,0,1,0,60,4,2,1
918,242,22990000,9.5,0,4,8,1,7,0,0,0,0,0,11,0,1,0,54,5,2,1
915,78,8814000,11.3,0,4,8,1,7,0,0,0,0,0,11,0,1,0,55,4,2,1
187324,941,135504000,14.4,0,4,8,1,7,0,0,0,0,0,11,0,1,0,52,5,1,1
479,2409,248127000,10.3,0,3,4,3,2,0,0,0,1,0,2,2,2,1,24,6,4,3
480,437,45011000,10.3,0,3,8,2,2,0,0,0,1,0,2,2,1,1,25,6,4,4
481,312,32136000,10.3,0,3,3,3,2,0,0,0,1,0,3,2,2,1,24,6,4,3
482,31,3193000,10.3,0,3,3,3,2,0,0,0,1,0,3,2,2,1,24,6,4,3
95134,31,3193000,10.3,0,3,4,3,2,0,0,0,1,0,2,2,2,1,24,6,4,4
487,364,37492000,10.3,0,3,9,1,2,0,0,0,1,0,2,2,1,1,26,6,4,4
488,49,5047000,10.3,0,3,10,2,2,0,0,0,1,0,2,2,1,1,25,6,4,4
489,56,5768000,10.3,0,3,8,2,2,0,0,0,1,0,2,2,1,1,25,6,4,4
229,9480,5640600000,59.5,0,1,14,1,3,4,0,0,2,0,7,0,2,0,29,1,3,1
232,14898,8864310000,59.5,0,1,8,0,2,4,0,0,1,0,7,0,2,0,24,1,1,0
233,2367,674595000,28.5,0,1,5,0,2,4,0,0,1,0,6,0,2,0,24,1,1,0
234,3125,1859375000,59.5,0,1,6,0,2,4,0,0,1,0,6,0,1,0,24,1,1,0
235,6579,2828970000,43,0,1,3,0,2,4,0,0,1,0,6,0,2,0,24,1,1,0
166147,189,6785100,3.59,0,1,11,1,4,0,0,0,1,0,5,1,2,1,17,5,4,5
166150,140,5025923,3.589945,0,1,11,1,4,0,0,0,1,0,5,1,2,1,16,5,4,5
423,1308,46957200,3.59,0,1,11,1,4,0,0,0,0,0,5,0,2,1,13,3,4,4
425,231,8292900,3.59,0,1,11,1,6,0,0,0,1,0,5,0,2,1,15,3,4,6
426,692,24841979,3.5898813583815,0,1,11,1,4,0,0,0,0,0,5,0,2,1,14,3,4,4
186420,27,969267,3.58987777777778,0,1,11,2,4,0,0,0,0,0,3,1,2,1,15,3,4,4
186421,122,4379654,3.58988032786885,0,1,11,2,3,0,0,0,1,0,2,1,2,1,14,3,2,3
427,8,287200,3.59,0,2,11,2,4,0,0,0,1,0,3,2,2,1,30,6,6,6
428,195,7000500,3.59,0,1,11,2,4,0,0,0,1,0,2,1,2,1,18,5,4,5
166160,126,4523400,3.59,0,1,11,2,4,0,0,0,1,0,3,1,2,1,15,4,4,5
429,1167,41895300,3.59,0,2,11,2,4,0,0,0,1,0,5,1,2,1,30,6,6,6
430,364,13067600,3.59,0,2,11,1,4,0,0,0,1,0,5,2,2,1,31,6,6,7
431,486,17447400,3.59,0,2,11,2,4,0,0,0,1,0,6,2,2,1,31,6,6,7
432,678,24340200,3.59,0,2,11,2,4,0,0,0,1,0,7,2,2,1,33,7,6,7
433,191,6856900,3.59,0,2,11,2,4,0,0,0,1,0,7,2,2,1,34,7,6,7
434,558,2082200,0.373154121863799,0,2,11,2,2,0,0,0,1,0,4,2,1,1,30,6,6,7
435,470,16873000,3.59,0,2,11,2,3,0,0,0,1,0,4,2,1,1,36,7,6,7
436,77,2764300,3.59,0,2,11,2,4,0,0,0,1,0,4,2,2,1,33,7,6,7
94610,411,14754900,3.59,0,2,11,2,4,0,0,0,1,0,4,2,2,1,35,7,6,7
236,384,11174400,2.91,0,1,5,0,2,4,0,0,1,0,6,0,2,0,24,1,1,0
237,4958,1051096000,21.2,0,1,3,0,2,4,0,0,1,0,6,0,2,0,24,1,1,0
230,2206,1321394000,59.9,0,1,6,0,2,4,0,0,1,0,6,0,2,0,24,1,1,0
325,4340,2582300000,59.5,0,1,2,0,2,4,0,0,1,0,6,0,1,0,24,1,1,0
231,8188,4871860001,59.500000012213,0,1,5,0,2,4,0,0,1,0,6,0,1,0,24,1,1,0
327,1072,257280000,24,0,1,3,0,2,4,0,0,1,0,6,0,1,0,24,1,1,0
97815,468,117936000,25.2,0,1,2,0,2,4,0,0,1,0,6,0,1,0,24,1,1,0
245,14539,132154342,0.908964454226563,0,1,3,0,2,4,0,0,1,0,6,0,2,0,24,1,1,0
468,54,7668000,14.2,0,4,4,3,2,0,0,0,1,0,6,2,2,1,26,6,4,3
470,125,17750000,14.2,0,4,6,3,2,0,0,0,1,0,6,2,2,1,26,6,4,3
177106,1012,9198720,0.90896442687747,0,1,1,0,2,4,0,0,1,0,6,0,1,0,24,1,1,0
466,223,21073500,9.45,0,3,6,3,2,0,0,0,1,0,6,2,2,1,29,5,4,3
465,706,66717000,9.45,0,3,6,3,2,0,0,0,1,0,7,2,2,1,31,5,4,3
445,1764,31663800,1.795,0,3,9,1,2,0,0,0,1,0,2,2,1,1,27,6,4,4
446,242,8687800,3.59,0,3,9,1,2,0,0,0,1,0,2,2,1,1,27,6,4,4
448,404,14503600,3.59,0,3,9,1,2,0,0,0,1,0,2,2,1,1,27,6,4,4
450,1372,242844000,17.7,1,5,7,1,10,0,1,0,0,0,16,0,0,0,117,9,7,5
453,938,102242000,10.9,0,5,11,1,8,0,0,0,1,0,12,2,1,1,48,2,2,3
454,17,1853000,10.9,0,4,6,1,7,0,0,0,1,0,12,2,2,1,37,5,2,3
455,117,12753000,10.9,0,4,9,1,7,0,0,0,1,0,13,2,2,1,46,5,4,3
456,3,327000,10.9,0,5,9,1,7,0,0,0,1,0,13,2,2,1,48,5,4,3
457,328,37752000,11.509756097561,0,5,10,1,7,0,0,0,1,0,13,2,2,1,48,4,4,3
458,74,8066000,10.9,0,4,7,1,7,0,0,0,1,0,12,2,2,1,42,5,3,3
459,1262,137558000,10.9,0,4,9,1,7,0,0,0,1,0,13,2,2,1,43,5,2,3
460,259,28231000,10.9,0,5,10,1,7,0,0,0,1,0,13,2,2,1,40,2,2,2
462,1361,148349000,10.9,0,5,10,1,8,0,0,0,1,0,12,2,2,1,45,2,2,3
176789,686,6235496,0.90896443148688,0,1,1,0,2,3,0,0,1,0,6,0,1,0,24,1,1,0
176790,147,1336177,0.908963945578231,0,1,4,0,2,4,0,0,1,0,6,0,1,0,24,1,1,0
166359,36,6012000,16.7,0,0,6,1,4,0,0,0,0,0,3,0,1,0,12,1,0,1
499,40,3336000,8.34,0,0,8,1,4,0,0,0,0,0,3,0,1,0,13,2,0,2
500,605,50457000,8.34,0,0,7,1,4,0,0,0,0,0,3,0,1,0,12,1,0,1
498,43,3990400,9.28,0,0,5,1,4,0,0,0,0,0,1,0,1,0,8,1,0,1
166357,115,5738500,4.99,0,0,5,1,4,0,0,0,0,0,1,0,1,0,8,1,0,1
238,1183,703885000,59.5,0,1,9,0,2,4,0,0,2,0,6,0,1,0,27,1,1,0
240,5332,3193868000,59.9,0,1,8,0,2,4,0,0,2,0,6,0,1,0,32,1,1,0
241,4871,2900574313,59.5478200164237,0,1,6,0,2,4,0,0,1,0,6,0,1,0,24,1,1,0
242,166,98770000,59.5,0,1,6,0,2,4,0,0,2,0,6,0,1,0,26,1,1,0
243,330,165330000,50.1,0,2,7,0,2,4,0,0,2,0,6,0,1,0,32,3,1,0
239,1272,756840000,59.5,0,1,6,0,2,4,0,0,1,0,6,0,1,0,24,1,1,0
176797,10,5954781,59.54781,0,2,7,0,3,4,0,0,2,0,6,0,1,0,34,5,1,0
176798,43,25605562,59.5478186046512,0,2,7,0,3,4,0,0,2,0,6,0,1,0,34,5,1,0
244,399,8578500,2.15,0,2,6,0,3,4,0,0,2,0,6,0,0,0,36,5,1,0
491,25,2875000,11.5,0,2,6,0,3,4,0,0,2,0,6,0,0,0,35,5,1,0
38,4066,626164000,15.4,0,0,6,1,1,0,0,0,0,0,0,0,1,0,1,1,0,1
492,1336,39912800,2.98748502994012,0,0,5,1,4,0,0,0,0,0,1,0,1,0,8,1,0,1
493,421,12545800,2.98,0,0,5,1,4,0,0,0,0,0,1,0,1,0,8,1,0,1
494,1868,169801200,9.09,0,0,5,1,4,0,0,0,0,0,1,0,1,0,8,1,0,1
166351,337,50887000,15.1,0,0,5,1,4,0,0,0,0,0,1,0,1,0,8,1,0,1
172854,47,2157300,4.59,0,0,5,1,4,0,0,0,0,0,0,0,1,0,8,1,0,1
166352,191,25403000,13.3,0,0,5,1,4,0,0,0,0,0,3,0,1,0,12,1,0,1
495,1864,172979200,9.28,0,0,5,1,4,0,0,0,0,0,3,0,1,0,12,1,0,1
496,31,2817900,9.09,0,0,6,1,4,0,0,0,0,0,3,0,1,0,12,1,0,1
497,91,8271900,9.09,0,0,5,1,4,0,0,0,0,0,3,0,1,0,12,1,0,1
166353,130,19630000,15.1,0,0,5,1,4,0,0,0,0,0,3,0,1,0,10,1,0,1
166354,338,51038000,15.1,0,0,5,1,4,0,0,0,0,0,2,0,1,0,8,1,0,1
172855,63,2891700,4.59,0,0,5,1,4,0,0,0,0,0,1,0,1,0,8,1,0,1
172856,196,8996400,4.59,0,0,6,1,4,0,0,0,0,0,3,0,1,0,12,1,0,1
166356,7,1057000,15.1,0,0,6,1,4,0,0,0,0,0,3,0,1,0,12,1,0,1
91088,29,44080000,152,0,3,2,0,0,10,1,0,3,0,2,0,2,0,29,16,0,0
174,3974,1652985300,41.595,0,3,3,0,0,11,1,0,3,0,1,0,3,0,33,17,0,0
91087,30111,45768720000,152,0,5,2,0,0,10,1,0,3,0,18,0,2,0,17,11,0,0
78,1114,1693280000,152,2,9,3,1,22,13,2,0,10,0,39,3,0,0,134,51,22,5
79,622,945440000,152,2,6,4,1,12,11,1,0,3,0,31,3,0,0,63,25,7,1
80,2252,3423040000,152,1,6,4,1,12,10,1,0,3,0,30,3,0,0,43,17,7,1
65,2139,3251280000,152,2,7,2,1,13,13,1,0,6,0,34,3,0,0,86,30,9,3
66,909,1381680000,152,2,7,3,1,13,13,1,0,6,0,34,3,0,0,86,30,9,3
67,5830,8861600000,152,1,6,2,0,13,12,1,0,5,0,30,2,0,0,76,27,10,2
68,674,1024480000,152,1,6,2,0,11,11,1,0,5,0,29,2,0,0,75,25,12,2
69,1460,2219200000,152,0,6,2,0,11,11,0,0,5,0,29,2,0,0,69,24,9,2
70,878,1334560000,152,1,6,2,0,10,10,2,0,5,0,26,2,0,0,71,24,9,2
144,603,443205000,73.5,1,7,2,0,11,11,3,0,6,0,30,2,0,0,82,29,12,3
145,506,280492660,55.4333320158103,2,8,2,0,11,12,3,0,8,0,30,2,0,0,83,32,13,3
146,929,104920000,11.2938643702906,2,8,2,0,11,12,4,0,8,0,31,2,0,0,89,32,16,3
147,503,376948200,74.94,1,7,2,0,8,10,3,0,6,0,26,2,0,0,66,27,7,1
148,502,368970000,73.5,1,6,2,0,10,11,3,0,5,0,26,2,0,0,77,25,9,2
71,200,3.04e+08,152,3,8,2,1,13,12,3,0,7,0,32,2,0,0,89,31,16,3
172,8,4907200,61.34,3,10,2,2,23,15,4,0,11,0,37,3,1,0,154,61,28,5
173,9,5520600,61.34,3,10,2,2,23,15,4,0,11,0,38,3,1,0,152,61,28,5
72,92,139840000,152,1,6,4,1,12,9,1,0,3,0,31,3,0,0,63,25,7,1
73,232,352640000,152,1,6,4,1,12,10,1,0,3,0,30,3,0,0,56,24,7,1
91086,903,1372560000,152,0,4,2,0,0,10,0,0,3,0,19,0,2,0,10,8,0,0
74,930,1413600000,152,0,4,2,0,1,11,0,0,3,0,22,0,2,0,21,10,1,0
75,2337,3552240000,152,0,5,2,0,1,11,0,0,3,0,21,0,2,0,19,11,0,0
76,3827,5817040000,152,0,5,2,0,1,11,0,0,3,0,21,0,2,0,34,18,2,0
77,57536,87454720000,152,1,6,3,1,12,10,1,0,3,0,29,3,0,0,56,24,7,1
97,2258,1029986700,45.615,1,9,2,0,7,13,4,0,10,0,17,0,1,0,144,49,12,2
98,3021,1490360000,49.3333333333333,2,6,2,0,18,14,4,0,9,0,24,2,1,0,126,38,20,3
100,1186,526979330,44.4333330522766,1,9,2,0,4,13,4,0,9,0,18,0,1,0,136,46,11,2
101,1825,861465179,47.2035714520548,1,9,2,0,3,13,4,0,9,0,15,0,1,0,139,45,11,1
102,1070,475436660,44.4333327102804,1,9,2,0,3,14,4,0,9,0,18,0,1,0,137,45,11,2
104,2677,1190424190,44.4685913335824,1,9,2,0,4,13,4,0,9,0,16,0,1,0,126,42,11,2
105,1924,52876763,2.74827250519751,1,5,3,0,0,12,2,0,5,0,7,0,4,0,67,23,3,0
106,370,172805766,46.7042610810811,1,5,2,0,1,12,3,0,5,0,7,0,2,0,85,30,4,0
107,245,108103330,44.1238081632653,1,5,2,0,1,12,3,0,5,0,8,0,2,0,85,31,5,0
108,344,140445000,40.8270348837209,1,5,2,0,0,12,3,0,5,0,7,0,4,0,76,24,3,0
109,2149,974483300,45.3458957654723,1,4,2,0,1,11,3,0,5,0,8,0,3,0,72,30,4,0
110,2612,1129019000,43.2243108728943,1,5,3,0,0,11,2,0,5,0,7,0,4,0,63,22,3,0
91084,218,331360000,152,1,3,3,0,0,11,1,0,3,0,4,0,4,0,42,18,3,0
111,2980,834698000,28.01,1,5,2,0,1,11,3,0,5,0,10,0,3,0,70,29,5,0
91085,1205,1831600000,152,1,3,3,0,0,11,1,0,3,0,6,0,2,0,41,20,3,0
112,258,142635300,55.285,1,8,2,0,1,11,4,0,7,0,15,0,1,0,102,35,6,1
84,8,4285885,53.5735625,2,6,1,1,11,12,4,0,8,1,15,2,2,1,164,61,17,4
85,50,7500000,15,1,8,1,1,11,13,4,0,8,1,19,0,2,0,137,47,17,3
86,1814,819383800,45.17,2,8,0,1,12,13,4,0,9,1,19,1,2,0,136,46,17,3
88,2066,1353643201,65.5200000484027,2,6,1,1,18,14,4,0,9,1,16,2,2,1,165,61,19,4
89,1971,966775500,49.05,2,6,1,1,14,14,4,0,9,1,17,2,2,1,161,60,18,4
90,2565,1257491250,49.025,2,7,2,1,17,13,4,0,10,1,17,2,2,0,147,60,18,4
91,1107,525825000,47.5,2,7,2,1,19,14,4,0,10,1,16,2,1,1,155,59,21,4
92,182,40261312,22.1216,1,7,1,1,8,14,4,0,9,1,20,0,2,0,145,45,15,3
93,4200,1891400000,45.0333333333333,2,8,2,1,10,14,4,0,10,1,20,0,2,0,138,49,15,3
94,2963,1378387600,46.52,2,7,3,0,15,13,4,0,10,1,17,2,2,0,132,45,16,3
95,3144,1562725200,49.705,2,7,2,1,20,14,4,0,11,1,25,2,1,0,157,57,22,4
96,1639,762462800,46.52,1,9,2,0,3,13,4,0,9,1,15,0,1,0,142,47,11,2
113,453,172406250,38.0587748344371,1,7,2,0,1,12,3,0,5,0,8,0,2,0,91,33,5,0
114,49,22181700,45.2687755102041,1,7,2,0,1,11,4,0,6,0,13,0,1,0,94,34,6,0
175,5980,5292187170,88.4981132107023,1,4,3,0,0,11,1,0,4,0,6,0,4,0,49,19,3,0
176,4188,876686604,20.9333,1,5,3,0,0,10,1,0,4,0,6,0,5,0,60,21,3,0
177,82,18422660,22.4666585365854,0,3,2,0,0,10,1,0,3,0,1,0,3,0,28,11,0,0
178,218,48977330,22.4666651376147,0,3,2,0,0,10,1,0,3,0,2,0,2,0,24,11,0,0
731,1194,106863000,8.95,0,0,1,0,0,0,0,0,0,0,0,0,0,0,0,0,0,0
732,2266,202807000,8.95,0,0,1,0,0,0,0,0,0,0,0,0,0,0,0,0,0,0
733,562,50299000,8.95,0,0,1,0,0,0,0,0,0,0,0,0,0,0,0,0,0,0
734,1839,164590500,8.95,0,0,1,0,0,0,0,0,0,0,0,0,0,0,0,0,0,0
735,1330,119035000,8.95,0,0,1,0,0,0,0,0,0,0,0,0,0,0,0,0,0,0
736,528,47256000,8.95,0,0,1,0,0,0,0,0,0,0,0,0,0,0,0,0,0,0
737,2930,262295000,8.95204778156997,0,0,1,0,0,0,0,0,0,0,0,0,0,0,0,0,0,0
740,57,957600,1.68,0,0,1,0,0,0,0,0,0,0,0,0,0,0,0,0,0,0
742,843,14162400,1.68,0,2,1,0,3,0,1,0,1,0,3,1,0,0,8,0,0,0
743,453,7610400,1.68,0,1,1,0,1,0,1,0,0,0,3,1,0,0,6,0,0,0
744,1469,24679200,1.68,0,1,1,0,0,0,1,0,0,0,0,0,0,0,2,0,0,0
745,645,10836000,1.68,0,1,1,0,0,0,0,0,0,0,0,0,0,0,0,0,0,0
746,86,1444800,1.68,0,1,1,0,1,0,1,0,0,0,3,0,0,0,6,0,0,0
747,2502,42033600,1.68,0,2,1,0,3,0,1,0,1,0,3,1,0,0,8,0,0,0
748,729,12247200,1.68,0,2,4,1,3,0,1,0,1,0,4,1,0,0,8,1,0,0
749,253,30360000,12,0,2,6,1,5,0,1,0,1,0,7,1,0,0,9,2,0,0
750,965,115800000,12,0,2,5,1,3,0,1,0,1,0,7,1,0,0,9,2,0,0
752,96,1132800,1.18,0,3,9,1,6,0,2,0,1,0,10,1,0,0,10,2,0,0
753,113,1333400,1.18,0,3,8,1,6,0,2,0,1,0,10,1,0,0,10,2,0,0
754,99,1168200,1.18,0,3,9,1,6,0,2,0,1,0,10,1,0,0,10,2,0,0
150,131,40260000,30.7328244274809,3,8,2,1,13,12,3,0,7,0,31,2,0,0,88,31,16,3
151,433,2.44e+08,56.35103926097,2,8,2,0,13,12,4,0,8,0,30,2,0,0,90,32,17,3
152,539,298785660,55.433332096475,1,8,2,0,11,12,4,0,8,0,29,2,0,0,86,31,13,3
153,397,229604950,57.835,1,7,2,0,8,11,3,0,6,0,25,2,0,0,71,28,7,1
154,986,696069000,70.5952332657201,1,7,2,0,10,12,4,0,8,0,29,2,0,0,86,29,14,3
755,58,974400,1.68,0,2,4,1,3,0,2,0,1,0,7,1,0,0,9,2,0,0
756,103,1730400,1.68,0,2,4,1,3,0,2,0,1,0,7,1,0,0,9,2,0,0
757,176,2956800,1.68,0,2,4,1,3,0,2,0,1,0,7,1,0,0,9,2,0,0
758,82,1377600,1.68,0,2,4,1,3,0,2,0,1,0,7,1,0,0,9,2,0,0
166415,32,3872000,12.1,0,2,4,1,3,0,2,0,1,0,7,1,0,0,9,2,0,0
763,4849,247299000,5.1,0,2,2,1,3,0,1,0,1,0,7,1,0,0,8,2,0,0
