"data_category","SW8","PNILP","PAREA","JIMOK","SPFC1","LAND_USE","GEO_HL","GEO_FORM","ROAD_SIDE"
"public",0,-0.112192361707232,0.08032567951831,"8","16","220","2","1","5"
"public",3,1.74627115879744,-0.0175134773891301,"8","16","240","3","2","3"
"public",0,0.026128396498268,0.0556077694653353,"8","14","160","3","7","5"
"public",0,-0.263990527122499,0.256630320761786,"8","14","330","2","4","2"
"public",0,-0.942826248161801,0.160479501333335,"17","43","220","2","7","4"
"public",1,-0.349820330932066,-0.0308545902759911,"8","14","220","2","7","6"
"public",2,0.87520505071357,0.177333654897632,"8","21","220","3","7","5"
"public",1,-0.53041758754294,-0.0376826166573659,"8","14","160","2","3","5"
"public",0,-0.781381096533228,0.57571311707942,"8","42","160","2","2","4"
"public",0,-1.22012035481664,-0.197383108155549,"5","44","720","3","7","12"
"public",1,-0.587590167601214,-0.214461291116096,"8","43","160","4","7","5"
"public",1,1.02913122779354,0.381934182928403,"8","22","160","2","2","2"
"public",0,-0.575389567390267,-0.00796463022430688,"8","22","240","2","7","6"
"public",1,0.0906780836608348,0.117225593842763,"8","14","160","2","2","2"
"public",0,-0.917006373296775,-0.108972666707696,"8","13","160","2","4","5"
"public",7,0.0892594092177015,0.104095523140775,"8","22","160","2","4","3"
"public",2,2.46553910146604,0.181304494776102,"8","21","240","2","2","2"
"public",0,0.435415973342236,0.307767465558102,"8","14","330","2","2","2"
"public",0,-0.3746471336869,-0.0515691924220543,"2","14","220","2","7","4"
"public",0,-0.271083899338166,0.52899162415123,"8","44","160","2","7","3"
"public",1,-0.61873007162799,0.567401301798241,"8","43","240","2","4","4"
"public",0,-0.985457415177958,0.589771773394851,"8","43","160","2","4","6"
"public",2,3.43874976945551,-0.00963024008338689,"8","22","220","2","1","2"
"public",1,5.08724947237645,0.0756892450567774,"8","22","240","2","4","2"
"public",0,-0.934456068947315,0.12616079527003,"8","43","160","3","7","8"
"public",1,0.824842107982337,0.166869209330742,"8","22","240","2","4","2"
"public",2,5.06596935572945,-0.0104224599773742,"8","21","240","2","2","2"
"public",0,0.392855740048236,0.144713026721849,"8","14","220","2","4","2"
"public",1,-0.118576396701332,0.138699947854371,"8","13","240","3","2","2"
"public",1,3.06634772813301,0.09352717988287,"8","21","240","2","1","5"
"public",0,-0.151915246114966,0.0681274412326111,"8","14","220","2","4","2"
"public",0,-0.4469995302867,0.312657150641483,"8","13","220","2","4","4"
"public",0,-1.02213014953295,0.0525882428202195,"9","64","410","3","7","6"
"public",0,0.392146402826669,-0.186701126798096,"9","32","410","2","4","5"
"public",0,-0.955594318150001,0.0443088955674826,"8","13","160","2","7","4"
"public",1,0.640414430375003,-0.0986543272687953,"8","14","240","2","7","2"
"public",2,3.15359620638571,-0.164574165414802,"8","22","210","2","2","5"
"public",0,0.485778916073469,0.041971197519651,"8","14","160","2","4","2"
"public",0,-0.756838028667021,0.00343164775887207,"8","64","240","2","7","6"
"public",0,-0.858202317628898,-0.0477379650658859,"8","44","990","3","7","6"
"public",2,0.194241318009568,-0.0956737622578101,"8","14","160","2","4","2"
"public",0,-0.909132730137385,0.0400555838415668,"8","43","160","2","7","8"
"public",0,-0.0504800234309323,-0.00117881227990688,"8","15","230","2","1","5"
"public",1,-0.623127962401704,-0.0116172834240437,"8","14","330","2","1","5"
"public",2,3.17700433469741,-0.0592186599230143,"8","21","240","2","4","5"
"public",4,1.58667028394494,-0.169256055116153,"8","14","240","3","2","5"
"public",1,-0.134181815575799,0.00493167067289733,"8","13","160","2","2","2"
"public",0,-0.676753856352144,-0.0117309215235911,"8","14","220","2","7","6"
"public",0,-0.852031083801268,0.0933031504866195,"8","42","220","2","4","6"
"public",0,-0.940769170219258,0.141680512865356,"8","43","160","2","7","5"
"public",0,-0.823231992605661,-0.103063485531233,"8","13","160","3","7","8"
"public",0,0.100608804762768,-0.00828931050872794,"8","16","430","2","7","1"
"public",0,-0.52105433621826,-0.0472184766108122,"8","43","220","2","7","4"
"public",1,-0.729741346803174,0.00378879607173523,"8","43","330","2","4","4"
"public",0,-0.763718599716218,-0.0518289366495911,"8","13","240","2","7","4"
"public",0,0.306316599017102,0.0548123027685037,"8","16","230","2","4","2"
"public",0,-0.813017536615101,-0.088193128504749,"2","42","220","2","3","1"
"public",1,0.480104218300936,0.0320554616334321,"8","22","240","2","7","2"
"public",1,2.21443372503144,-0.0478678371796543,"8","21","240","2","2","5"
"public",0,-0.947436940101985,0.0106720181014615,"8","43","160","2","7","2"
"public",0,-1.07540137487261,0.039503627358051,"8","64","160","2","7","5"
"public",2,-0.59255552815218,0.0982382908098195,"8","43","160","3","8","1"
"public",5,0.524083126038069,-0.139460145414833,"8","14","240","2","3","2"
"public",1,2.29175148218221,-0.105573264129808,"8","21","240","2","1","2"
"public",0,-0.52445915488178,-0.119157887229985,"8","14","160","2","4","5"
"public",0,0.499256323283236,-0.12105077328816,"8","15","160","2","7","1"
"public",1,0.252406970178035,-0.204941665176871,"8","14","240","2","1","5"
"public",2,-0.54467526569643,-0.205746872282235,"8","15","160","2","3","5"
"public",0,1.2320016731616,-0.218909411012665,"8","16","240","2","1","5"
"public",1,0.127563619182302,-0.193318110994598,"8","23","240","2","3","2"
"public",0,-0.298748050979266,-0.215662608168454,"8","14","330","2","3","6"
"public",0,0.731209594735537,-0.215964560832966,"8","15","160","2","2","1"
"public",0,0.324050029556269,-0.210532659674602,"28","14","330","2","3","4"
"public",0,-0.0646667678622656,-0.211013186495545,"8","13","330","2","3","5"
"public",2,1.95907232526744,-0.195766200339132,"8","22","240","3","3","5"
"public",3,0.807818014664737,-0.218821747335871,"8","22","330","2","3","9"
"public",1,1.76045790322877,-0.21775679600297,"8","15","330","3","3","1"
"public",1,1.342658279726,-0.20511049892477,"8","15","160","2","1","2"
"public",2,1.108576996609,-0.204620231695294,"8","15","160","2","3","4"
"public",1,1.00501376226027,-0.209013155943511,"8","14","160","2","4","4"
"public",1,0.125435607517602,-0.184545249709541,"8","13","160","2","2","1"
"public",1,-0.3001667254224,-0.202129933913785,"8","14","160","2","2","4"
"public",0,-0.3022947370871,-0.199902627162656,"8","13","330","2","4","4"
"public",0,0.564515347667369,-0.191610292698543,"8","15","220","2","5","1"
"public",0,1.1000649499502,-0.215630140140012,"8","14","160","2","3","5"
"public",0,0.459533438875502,-0.214256742536911,"8","22","240","2","3","4"
"public",0,-0.331377563171333,-0.20753910745224,"8","14","210","2","2","4"
"public",0,1.27314323201247,-0.184850449176896,"8","22","220","2","7","2"
"public",3,-0.0291999067839322,-0.206464415710806,"8","14","330","2","4","2"
"public",1,0.158065119709668,-0.192084325913798,"8","14","160","2","6","4"
"public",1,0.190694631901735,-0.215662608168454,"8","14","220","2","7","6"
"public",1,2.00872593077711,-0.202052010645524,"8","22","240","2","3","5"
"public",1,1.05395803054837,-0.199879899542747,"8","14","240","2","4","2"
"public",1,0.181473248021368,-0.200399387997821,"8","23","230","2","4","4"
"public",1,-0.225686317157899,-0.200126656558907,"8","13","210","2","2","1"
"public",0,-0.303713411530233,-0.205178681784499,"8","14","160","2","1","2"
"public",1,2.20592167837264,-0.218747070870454,"8","16","220","2","4","5"
"public",2,0.748233688053137,-0.198064936752833,"8","22","240","2","4","6"
"public",0,1.66611605276041,-0.107576541484686,"8","13","240","2","7","4"
"public",0,0.296385877915169,-0.21068525940828,"8","14","220","2","2","7"
"public",1,3.16849228803861,-0.216578206570522,"8","22","240","2","7","2"
"public",1,0.0466991759237013,2.29577185985683,"15","43","210","2","7","4"
"public",3,0.656729186471036,-0.224201699648728,"1","16","240","2","5","2"
"public",0,0.307735273460235,-0.206935202123216,"8","22","160","2","4","5"
"public",1,0.394983751712936,-0.200376660377911,"8","16","240","2","3","2"
"public",1,0.286455156813235,-0.203685152476162,"8","14","240","2","2","5"
"public",1,0.00555761707283457,-0.211776185163934,"8","43","240","2","4","3"
"public",0,1.20788420762834,-0.218260050443823,"8","14","330","2","3","1"
"public",0,0.89648516736057,-0.214971039162638,"8","14","240","2","1","2"
"public",1,0.724825559741437,-0.207983919441896,"8","22","240","2","4","2"
"public",0,-0.4916877752454,-0.18907129287437,"8","13","220","2","4","7"
"public",1,-0.322156179290966,-0.115751991046408,"8","14","950","2","4","5"
"public",1,0.689358698663103,-0.206854032052111,"8","22","240","2","1","5"
"public",0,0.577992754877136,-0.183340685854339,"8","22","230","2","3","4"
"public",2,0.516280416600836,-0.20062991099976,"8","15","160","2","3","6"
"public",1,1.90090667309897,-0.218799019715962,"8","14","220","2","4","3"
"public",0,0.631902383716203,-0.203987105140673,"8","13","160","2","4","5"
"public",1,-0.0504800234309323,-0.220373719095404,"8","14","160","2","2","9"
"public",1,0.0296750826061013,-0.216909380460631,"8","14","160","3","4","9"
"public",0,-1.02709551008392,-0.210272915447065,"8","13","220","2","4","6"
"public",5,2.40240808874661,-0.224390014213692,"8","22","220","2","2","7"
"public",1,0.767385793035437,-0.201094203806482,"8","15","240","2","3","4"
"public",0,1.86685848646377,-0.215334681081189,"8","14","240","2","2","2"
"public",1,0.100608804762768,-0.218542522291269,"8","14","160","2","3","6"
"public",1,-0.797483051462791,-0.171246345259654,"22","14","930","2","4","7"
"public",1,0.561677998781103,-0.217760042805814,"8","16","330","2","2","6"
"public",1,0.368028937293402,-0.217964591385,"8","14","330","2","4","5"
"public",2,0.285036482370102,-0.223321816077947,"8","14","330","2","3","9"
"public",2,0.427613263905002,-0.204662440132269,"8","15","330","3","4","9"
"public",0,1.0894248916267,-0.203240340486505,"8","14","160","2","1","2"
"public",1,1.54765673675877,-0.220789309859463,"8","22","240","2","3","3"
"public",1,0.00555761707283457,-0.215630140140012,"28","22","240","2","4","7"
"public",0,1.0043044250387,-0.206896240489086,"8","13","160","2","1","2"
"public",3,-0.144821873899299,-0.221682180641621,"8","14","330","2","3","7"
"public",0,-0.727897070027101,-0.201896164109002,"8","14","240","2","4","4"
"public",0,-0.924099745512441,-0.213974270689465,"8","16","160","2","4","8"
"public",0,-0.149787234450266,-0.177006173505284,"8","14","310","2","3","2"
"public",1,-0.536517887648414,-0.217091201419907,"8","22","240","2","4","7"
"public",1,-0.785991788473411,-0.211539168556307,"1","14","240","2","4","5"
"public",0,-1.17250964050509,-0.110044111646286,"8","64","160","2","7","6"
"public",0,-1.13881612248067,-0.192577839946118,"8","14","160","2","7","6"
"public",0,-0.822877323994878,-0.206311815977128,"8","16","220","2","4","5"
"public",0,-0.778614681369118,-0.200597442971318,"8","64","220","2","4","4"
"public",0,-0.973044013800542,-0.190564822182707,"8","64","240","2","4","4"
"public",0,-1.09781643107412,0.0535298156450405,"8","14","160","2","7","6"
"public",0,-1.10171778579274,-0.125044340786539,"8","14","110","2","7","8"
"public",0,-1.07249309226419,-0.178746459829781,"8","13","160","2","7","6"
"public",1,0.346748820646402,-0.21313010194997,"8","14","240","2","4","1"
"public",1,0.741849653059037,-0.199097420057292,"8","16","240","2","3","4"
"public",1,-0.134181815575799,-0.221019832861402,"8","22","330","2","4","5"
"public",1,1.61504377280761,-0.217441856127082,"8","14","330","2","1","5"
"public",2,5.43411537372255,-0.217104188631284,"8","22","220","2","2","2"
"public",4,1.2766899181203,-0.149586923485926,"8","15","330","3","7","5"
"public",3,0.512024393271436,-0.215013247599612,"8","15","160","3","4","5"
"public",1,0.405623810036436,-0.12139818119249,"8","14","160","3","7","5"
"public",2,1.51715523623141,-0.216211317849126,"8","15","240","3","4","5"
"public",0,1.08233151941104,-0.204951405585404,"8","15","160","2","3","2"
"public",0,0.144587712499902,-0.214685320512347,"8","32","220","2","3","2"
"public",2,0.283617807926969,1.48128214516102,"8","22","240","2","7","1"
"public",0,-0.3108067837459,-0.165772235664315,"8","13","330","2","4","5"
"public",2,-0.276049259889133,-0.218964606661016,"10","13","160","2","2","4"
"public",0,-1.19130707687661,-0.20494815878256,"11","43","950","2","2","4"
"public",1,-0.146949885563999,-0.206084539778033,"8","32","410","2","7","5"
"public",0,0.537560533247836,-0.205042316065042,"8","16","220","2","1","3"
"public",0,0.433287961677536,-0.204552048835566,"8","14","320","2","2","4"
"public",0,0.155937108044968,-0.186895934968749,"8","13","160","2","7","8"
"public",0,-1.12760859437992,-0.209623554878223,"8","64","160","2","7","6"
"public",0,-1.12221763149601,-0.19877923337856,"8","43","110","2","7","8"
"public",0,-0.887710746046071,-0.168876179183381,"8","14","330","2","7","6"
"public",0,-1.09455347985491,-0.205759859493612,"8","43","220","3","7","6"
"public",0,-0.892463305430568,-0.214136610831675,"8","22","220","2","7","6"
"public",0,-0.943890253994151,-0.158291601911254,"8","13","240","2","4","6"
"public",0,-0.908352459193661,-0.206214411891802,"8","13","220","2","4","7"
"public",0,-0.764782605548568,-0.205954667664265,"8","64","220","2","4","6"
"public",0,-0.894449449650955,-0.19446098559576,"8","64","220","2","4","6"
"public",0,-0.845717982529324,-0.196181791103191,"8","22","310","2","4","4"
"public",0,-0.710163639487934,-0.210272915447065,"8","64","210","2","7","6"
"public",1,0.761711095262903,-0.219428899467739,"8","22","220","2","7","5"
"public",0,-0.834368586984258,-0.204168926099949,"8","22","220","2","7","4"
"public",0,-0.888703818156265,-0.213552186319718,"8","64","220","2","4","6"
"public",1,-0.349820330932066,-0.0308545902759911,"8","14","220","2","7","6"
"public",0,-0.888420083267638,-0.209071598394707,"8","64","160","2","7","4"
"public",3,0.221196132429102,-0.203435148657158,"8","14","320","2","2","5"
"public",1,0.0807473625589014,-0.21666911705016,"8","13","160","2","1","9"
"public",0,-0.55446411935405,-0.20819496162677,"1","64","160","2","4","8"
"public",1,-0.367553761471233,-0.202772800876939,"8","44","240","2","7","6"
"public",0,-0.801029737570624,-0.215662608168454,"8","44","160","2","4","6"
"public",1,-0.236326375481399,-0.204892963134208,"8","14","160","2","3","5"
"public",1,0.311991296789635,-0.223162722738581,"8","14","220","2","5","8"
"public",0,-0.861181533959478,-0.211149552215002,"1","13","240","2","7","4"
"public",0,-0.973824284744265,-0.214266482945444,"8","13","160","2","4","8"
"public",0,-0.941052905107885,-0.211344360385654,"8","14","110","2","7","8"
"public",1,0.143169038056768,-0.189363505130349,"1","22","240","2","4","6"
"public",1,-0.159717955552199,-0.217769783214347,"8","14","330","2","3","4"
"public",0,0.0154883381747679,-0.213295688895025,"8","22","240","2","2","2"
"public",0,-0.2725025737813,-0.219110712789006,"8","14","330","2","1","5"
"public",0,0.0275470709414013,-0.211568389781905,"8","22","240","2","7","5"
"public",0,-0.507293194119867,-0.220646450534318,"8","14","160","2","8","6"
"public",0,0.655310512027903,-0.193516165968094,"8","16","240","2","1","5"
"public",0,-0.395217913112333,-0.203539046348172,"8","14","160","2","4","5"
"public",0,-0.191638130522699,-0.216656129838783,"8","14","160","2","1","5"
"public",0,-0.810676723783931,-0.208552109939633,"8","64","240","2","4","6"
"public",1,0.765257781370737,-0.224428975847823,"8","22","220","2","7","4"
"public",0,-0.897003063648595,-0.21559767211157,"8","13","160","2","4","7"
"public",0,-0.917077307018931,-0.208130025569886,"8","71","220","2","4","6"
"public",1,-0.564536707900297,-0.221084768918286,"8","13","240","2","7","7"
"public",1,-0.292364015985166,-0.20492543116265,"8","14","160","2","3","4"
"public",0,-0.4001832736633,-0.202318248478749,"8","22","220","3","7","8"
"public",1,-0.822593589106251,-0.210467723617718,"8","22","220","2","7","8"
"public",0,-0.825785606603301,-0.18459070494936,"8","43","310","2","7","8"
"public",0,0.163739817482202,-0.210272915447065,"8","22","240","2","7","6"
"public",0,-0.398764599220167,-0.205272839066981,"8","14","220","2","4","6"
"public",0,-0.4257194136397,-0.19137652289376,"8","14","160","2","4","1"
"public",0,-0.618659137905834,-0.213000229836202,"8","22","210","2","4","4"
"public",0,-0.725201588585147,-0.20449360638437,"8","43","160","2","4","6"
"public",0,-0.311516120967466,-0.19446098559576,"8","14","330","2","1","6"
"public",1,0.0232910476120013,-0.216247032680412,"8","16","330","2","7","7"
"public",0,-0.159717955552199,-0.206857278854955,"8","14","160","2","3","2"
"public",0,0.621262325392703,-0.218389922557591,"1","15","240","2","4","4"
"public",0,0.207718725219335,-0.21790290213096,"8","16","240","2","4","4"
"public",0,-0.3427269587164,-0.20494815878256,"2","43","230","2","2","7"
"public",0,-0.687039246064861,-0.203909181872412,"8","13","160","2","4","4"
"public",0,-0.978222175517978,-0.215630140140012,"8","14","110","2","7","9"
"public",0,-1.12576431760385,-0.194331113481991,"8","64","110","3","4","4"
"public",0,0.216230771878135,-0.217545753818096,"8","16","240","2","2","6"
"public",0,-0.976165097575435,-0.10208944467797,"27","44","510","2","7","8"
"public",0,-1.13399262937402,-0.17364897936437,"8","64","160","2","4","6"
"public",0,-0.754993751890948,-0.216701585078602,"8","16","310","2","7","6"
"public",1,0.287873831256369,-0.215954820424433,"8","22","220","2","7","6"
"public",0,-0.936442213167701,-0.215630140140012,"8","64","220","2","7","7"
"public",0,-1.13966732714655,-0.204396202299044,"8","64","160","2","7","6"
"public",1,-0.927930166508901,-0.209461214736012,"8","22","240","2","4","6"
"public",0,-0.437778146406333,-0.211214488271886,"8","14","160","2","4","6"
"public",0,0.055920559804068,-0.202996830273189,"8","14","160","2","4","5"
"public",0,-0.495234461353233,-0.193097328401191,"8","64","230","2","7","4"
"public",1,-1.04539641040034,-0.10624535231856,"14","43","910","2","7","0"
"public",0,-0.52020313155238,-0.214136610831675,"2","13","220","2","7","8"
"public",0,-0.590569383931794,-0.216993797334581,"8","11","150","2","4","5"
"public",0,-0.61234603663389,-0.213292442092181,"1","22","210","2","1","8"
"public",0,-0.232070352151999,-0.220565280463212,"8","13","210","2","7","6"
"public",1,-0.757263630999961,-0.190207673869844,"1","14","160","2","7","6"
"public",0,-0.218592944942233,-0.217120422645505,"8","14","330","2","3","4"
"public",0,-0.56297616601285,-0.22098736483296,"28","14","150","2","7","6"
"public",0,-0.352657679818333,-0.204954652388248,"8","14","160","2","1","5"
"public",0,-0.168230002210999,-0.17330157146004,"11","13","950","2","1","5"
"public",0,-0.834723255595041,-0.213162569978412,"2","44","530","2","7","6"
"public",1,-0.456220914167067,-0.221539321316475,"8","43","210","2","4","1"
"public",0,-0.747332909898027,-0.209298874593802,"8","16","160","2","4","6"
"public",2,0.995083041158337,-0.217886668116739,"8","15","330","3","1","7"
"public",1,1.1639052998912,-0.205951420861421,"8","14","240","3","2","5"
"public",0,0.93478937732517,-0.22065619094285,"8","16","240","2","4","2"
"public",0,0.491453613846003,-0.205568298125804,"8","14","160","2","3","1"
"public",1,1.74414314713274,-0.204285811002341,"8","23","240","2","2","2"
"public",0,2.14137199121007,-0.205087771304861,"8","23","240","2","2","2"
"public",1,1.087296879962,-0.2204321615466,"8","22","330","2","3","6"
"public",0,-0.778969349979901,-0.208162493598328,"8","13","330","2","4","6"
"public",0,-0.422882064753433,-0.218552262699802,"8","14","160","2","4","5"
"public",0,0.529048486589036,-0.207789111271244,"8","22","240","2","1","2"
"public",2,0.814202049658837,-0.218324986500707,"8","14","330","2","2","5"
"public",2,-0.118576396701332,-0.196831151672033,"25","14","160","2","7","2"
"public",0,-0.753007607670561,-0.19955846606117,"8","22","210","2","1","4"
"public",0,-1.14215000742204,-0.195467494477465,"8","64","160","2","7","8"
"public",0,-1.05603646872384,-0.189038824845928,"8","64","220","2","7","6"
"public",0,-0.991912383894215,-0.212643081523339,"8","13","160","2","7","8"
"public",0,-1.01695198781552,-0.203552033559549,"8","64","210","2","7","6"
"public",0,-0.659800696756701,-0.192123287547928,"8","43","210","2","7","6"
"public",0,-0.517152981499644,-0.204428670327486,"8","23","220","2","7","6"
"public",0,-0.773223718485211,-0.205435179209191,"8","14","220","2","4","7"
"public",0,-1.01425650637356,-0.201376675653928,"8","13","220","3","4","6"
"public",0,-0.934952605002411,-0.198454553094139,"8","43","220","2","4","4"
"public",0,-1.0449708080674,-0.205175434981654,"8","64","220","2","7","7"
"public",0,-0.904096435864261,-0.205500115266075,"8","13","220","2","7","6"
"public",0,-0.53190719570823,-0.197642852383086,"8","14","330","2","5","7"
"public",0,-0.737614989962564,-0.194168773339781,"8","14","240","2","4","7"
"public",0,-0.973398682411325,-0.190694694296475,"8","13","160","2","4","8"
"public",0,-0.832311509041714,-0.217221073533675,"8","15","330","2","4","6"
"public",1,0.591470162086903,-0.220143196093465,"8","22","220","2","4","4"
"public",1,-1.02021493903472,-0.213617122376602,"8","43","160","2","4","4"
"public",0,-1.17818433827762,-0.219850983837486,"8","13","910","0","7","0"
"public",0,-1.13789398409264,-0.186116702286139,"8","14","160","2","4","6"
"public",0,-1.14087320042322,-0.203844245815528,"8","14","160","2","7","6"
"public",0,-1.02979099152587,-0.210175511361739,"8","14","160","2","7","8"
"public",0,-1.1449873563083,-0.219591239609949,"8","64","210","2","7","6"
"public",0,-0.822167986773311,-0.212415805324244,"8","13","220","2","4","4"
"public",1,-0.324993528177233,-0.201376675653928,"8","22","220","2","7","6"
"public",0,-1.1088111580084,-0.209331342622244,"8","64","220","2","4","6"
"public",0,-0.695693160167974,-0.212545677438012,"8","22","220","2","4","5"
"public",0,-0.192347467744266,-0.203746841730202,"8","13","160","2","2","1"
"public",0,-0.556946799629534,-0.212220997153591,"8","16","220","2","7","6"
"public",0,-0.53360960503999,-0.184990061699198,"8","33","220","2","2","2"
"public",0,-0.532474665485484,-0.210272915447065,"8","13","220","2","7","4"
"public",1,-0.119285733922899,-0.210532659674602,"28","22","990","2","7","4"
"public",0,-0.52445915488178,-0.194181760551157,"8","14","150","2","4","1"
"public",0,-1.00560259227045,-0.215954820424433,"8","13","160","2","7","6"
"public",0,-0.707184423157354,-0.18783750779357,"8","13","220","2","7","6"
"public",0,-0.896506527593498,-0.212545677438012,"8","14","160","2","4","7"
"public",0,-0.662425244476497,-0.215240523798707,"8","22","160","2","4","7"
"public",0,-0.813726873836668,-0.218552262699802,"8","14","240","2","4","6"
"public",1,0.187857283015468,-0.20365268444772,"8","15","160","2","3","6"
"public",2,1.80443681096591,-0.219367210213699,"8","22","220","2","1","1"
"public",0,-0.266118538787199,-0.205655961802598,"8","13","160","2","2","5"
"public",0,-0.721938637365941,-0.211961252926054,"8","14","330","2","7","8"
"public",0,-0.51828792105415,-0.205857263578939,"8","64","220","2","7","3"
"public",0,-0.418626041424033,-0.202545524677844,"8","51","220","2","7","9"
"public",0,-1.00496418877104,-0.205045562867886,"1","64","110","2","2","6"
"public",0,-0.683137891346244,-0.212318401238918,"8","64","230","2","7","8"
"public",0,-0.52616156421354,-0.158778622337886,"8","13","240","2","4","6"
"public",0,-1.19010120359994,-0.0415041036050016,"17","44","920","0","0","0"
"public",1,0.597144859859436,-0.203162417218244,"8","22","220","2","2","6"
"public",2,-0.0405493023289989,-0.14884989924029,"8","16","950","2","7","9"
"public",1,0.047408513145268,-0.218617198756686,"8","14","330","2","4","8"
"public",0,-1.03567849046488,-0.135206833688917,"28","81","240","2","7","6"
"public",0,-1.09001372163689,-0.198032468724391,"8","64","110","2","4","6"
"public",0,-0.942187844662391,-0.189882993585423,"8","13","220","2","7","6"
"public",0,-1.17236777306078,0.165999066168493,"17","44","920","2","7","0"
"public",0,-0.5044558452336,-0.215013247599612,"8","44","160","2","7","6"
"public",0,-1.14527109119693,-0.204883222725675,"8","64","530","2","4","6"
"public",3,0.512024393271436,-0.215013247599612,"8","15","160","3","4","5"
"public",1,1.06034206554247,-0.204295551410873,"8","16","330","2","3","4"
"public",0,-1.18761852332446,-0.219883451865928,"16","43","160","2","7","8"
"public",0,-1.16491973223433,-0.220889960747633,"8","64","160","2","2","10"
"public",0,-1.12186296288523,-0.197740256468412,"1","64","110","2","7","6"
"public",0,-1.21882936107339,-0.143486180941654,"14","63","910","0","0","0"
"public",0,-1.10412953234606,0.609749351295279,"22","43","930","2","0","2"
"public",3,0.688649361441536,-0.210357332321014,"8","14","220","2","3","5"
"public",5,-0.459058263053333,-0.206055318552435,"8","14","160","2","2","9"
"public",2,-0.331377563171333,-0.210282655855598,"8","14","160","2","4","9"
"public",0,0.315537982897469,-0.208113791555665,"8","14","160","2","2","5"
"public",1,1.28803931366537,-0.211376828414096,"8","44","160","2","3","1"
"public",0,0.155937108044968,-0.178616587716012,"8","13","160","2","7","8"
"public",0,1.54056336454311,-0.159817599248033,"8","23","240","2","1","1"
"public",0,-0.642067266217534,-0.191766139235065,"8","64","220","2","7","6"
"public",0,-0.4618956119396,-0.195532430534349,"8","14","160","2","7","6"
"public",0,-0.281723957661666,-0.153804520380555,"8","13","330","2","2","5"
"public",2,0.499256323283236,-0.119041002327593,"8","22","230","2","2","2"
"public",0,-0.0923309195033657,-0.206506624147781,"8","16","110","2","7","10"
"public",0,-0.624475703122681,-0.181895858588665,"8","43","160","2","7","8"
"public",1,0.451021392216702,-0.21420154688856,"8","13","160","2","4","8"
"public",0,-0.4257194136397,-0.132576923385107,"8","13","220","2","7","5"
"public",0,0.0842940486667348,-0.133908112551233,"8","14","160","2","4","1"
"public",0,1.3873465246847,-0.210065120065035,"8","14","220","2","3","2"
"public",1,0.476557532193103,-0.207058580631296,"8","13","160","2","7","5"
"public",1,0.92627733066637,-0.161431260261606,"8","16","240","2","2","5"
"public",0,0.621262325392703,-0.179590628569275,"8","15","240","2","4","4"
"public",1,0.0154883381747679,-0.203513071925419,"8","14","160","2","2","8"
"public",1,2.21727107391771,-0.208571590756699,"8","22","240","2","2","3"
"public",1,0.249569621291769,-0.214432069890499,"8","14","160","2","2","8"
"public",1,0.213393422991868,-0.213734007278993,"8","14","160","2","2","8"
"public",1,0.0374777920433347,-0.19955846606117,"8","14","160","2","7","7"
"public",0,0.550328603236036,-0.213211272021075,"8","14","310","2","4","5"
"public",1,0.142459700835202,-0.204892963134208,"8","14","160","2","2","1"
"public",0,-0.0689227911916656,-0.206019603721149,"8","13","160","2","4","1"
"public",0,0.0552112225825014,-0.164486501738008,"8","15","160","2","1","6"
"public",3,-0.107227001156266,-0.162337118255141,"8","14","160","2","2","2"
"public",2,3.64020154038044,-0.198172081246692,"8","21","240","2","3","5"
"public",0,0.795049944676537,-0.170236589575105,"8","13","160","2","4","2"
"public",0,-0.601138508533137,-0.0296208051951911,"8","14","160","2","7","8"
"public",0,-0.460476937496467,-0.14773949266757,"8","14","160","2","7","7"
"public",1,1.03125923945824,-0.155320777308802,"8","22","160","2","4","2"
"public",2,1.04544598388957,-0.181551697487179,"8","16","240","2","2","2"
"public",0,0.369447611736536,-0.204691661357867,"8","14","240","2","4","5"
"public",0,0.353132855640502,-0.205591025745713,"8","14","160","2","1","1"
"public",1,0.229708179087902,-0.200500038885991,"8","13","240","2","7","3"
"public",2,1.108576996609,-0.20202603622277,"8","15","160","2","3","4"
"public",2,2.45135235703471,-0.194178513748313,"8","16","220","2","3","3"
"public",2,2.47121379923857,-0.194691508597699,"8","16","240","2","2","3"
"public",3,0.505640358277336,-0.191480420584774,"8","14","240","2","3","2"
"public",1,-0.314353469853733,-0.207636511537566,"8","13","210","2","3","1"
"public",0,0.0594672459119014,-0.161716978911896,"8","14","330","2","4","2"
"public",1,-0.252641131577433,-0.20387671384397,"8","14","210","2","7","4"
"public",0,-0.989145968730105,-0.0876736400496753,"8","42","160","2","7","6"
"public",0,-0.748680650619004,-0.220889960747633,"8","43","160","2","4","8"
"public",0,-0.0164318367957322,-0.180460771731524,"8","13","220","2","4","5"
"public",0,0.250278958513335,-0.17095737980652,"8","15","160","2","4","1"
"public",0,-0.823231992605661,-0.103063485531233,"8","13","160","3","7","8"
"public",0,0.670206593680803,-0.16963917785177,"8","15","160","2","4","5"
"public",0,0.524792463259636,-0.00683149603167742,"8","14","160","2","2","5"
"public",1,0.0509551992531014,-0.201188361088964,"8","14","330","2","2","5"
"public",1,0.377250321173769,-0.17611654952597,"8","22","240","2","7","5"
"public",0,-0.2767585971107,0.0892446469313563,"8","14","160","2","7","5"
"public",3,0.512024393271436,-0.100550460129814,"8","15","160","3","4","5"
"public",1,0.86669300405477,-0.206948189334593,"8","14","160","2","1","1"
"public",0,-0.154043257779666,-0.212708017580223,"1","13","160","2","7","8"
"public",0,-0.983684072124042,-0.0708552013166648,"8","13","330","3","1","8"
"public",1,-0.0128851506878988,-0.177402283452278,"8","14","160","2","2","5"
"public",0,-0.0859468845092657,-0.161421519853073,"8","13","330","2","4","4"
"public",1,-0.0348746045564655,-0.177386049438056,"8","14","160","2","3","5"
"public",0,1.1702893348853,-0.199834444302928,"8","14","240","2","2","2"
"public",0,-0.661715907254931,-0.22530561261576,"8","15","910","2","7","6"
"public",0,0.714185501417936,-0.184619926174957,"8","13","160","2","7","5"
"public",0,0.80923668910787,-0.193909029112244,"8","14","160","2","3","1"
"public",1,0.539688544912536,0.0202176184634405,"8","43","220","2","7","1"
"public",0,0.548909928792903,-0.135992559977216,"8","14","160","2","4","2"
"public",0,0.900031853468404,-0.19591880007281,"8","16","240","2","3","5"
"public",2,1.0851688682973,-0.150080437518246,"11","22","240","2","4","2"
"public",0,-0.163264641660033,-0.162869593921591,"8","43","220","2","4","2"
"public",2,-0.173904699983533,-0.161213724471044,"8","14","160","2","7","4"
"public",0,0.368028937293402,-0.193558374405069,"8","15","160","2","1","2"
"public",0,0.497837648840103,-0.16916839143936,"8","15","160","2","2","5"
"public",0,-0.339889609830133,-0.170921664975233,"8","14","160","2","3","2"
"public",1,1.46324560739234,-0.212925553370785,"8","14","210","2","3","2"
"public",1,0.767385793035437,-0.201590964641646,"8","15","240","2","3","4"
"public",0,0.689358698663103,-0.131895094787823,"8","14","210","2","4","2"
"public",1,-0.249094445469599,-0.188616740476181,"8","14","330","2","7","6"
"public",0,0.154518433601835,-0.205691676633884,"8","15","160","2","2","6"
"public",0,0.0793286881157681,-0.184619926174957,"8","14","330","2","2","5"
"public",1,0.270849737938769,-0.193931756732153,"8","15","240","2","2","5"
"public",0,-0.4512555536161,-0.199428593947402,"8","14","160","2","7","8"
"public",0,-0.626958383398164,-0.166018992680475,"8","44","160","2","8","6"
"public",0,-0.700942255607567,-0.18598683017237,"8","44","160","2","4","8"
"public",2,0.712057489753236,-0.210889807987465,"8","13","160","3","7","9"
"public",0,0.135366328619535,-0.206928708517528,"8","14","330","2","7","7"
"public",0,0.0466991759237013,-0.203681905673318,"8","13","160","2","7","1"
"public",1,0.145297049721468,-0.161798148983002,"8","22","240","2","4","7"
"public",0,0.165158491925335,-0.207993659850429,"8","15","160","2","4","4"
"public",3,0.82200475909607,-0.201954606560198,"8","14","220","2","2","2"
"public",1,1.20717487040677,-0.18629527644257,"8","22","210","2","3","5"
"public",1,1.55616878341757,-0.166116396765802,"8","15","160","2","8","1"
"public",1,3.16849228803861,-0.206496883739248,"8","21","240","2","2","6"
"public",2,2.27614606330774,-0.214074921577635,"8","14","240","2","2","2"
"public",1,-0.251931794355866,-0.162512445608728,"8","13","160","2","7","7"
"public",0,0.0545018853609347,-0.173415209559587,"8","13","160","2","2","5"
"public",1,-0.964531967141741,-0.173194426966181,"8","13","160","2","4","7"
"public",2,0.973093587289771,-0.192223938436099,"8","22","210","2","2","4"
"public",2,1.58312359783711,-0.209805375837499,"8","14","330","2","2","5"
"public",0,-0.924099745512441,-0.12867751316921,"8","43","160","2","3","5"
"public",1,-0.127797780581699,-0.167639147299736,"8","13","330","2","4","2"
"public",1,1.90729070809307,-0.196181791103191,"8","22","240","2","1","2"
"public",0,-0.173195362761966,-0.182899120667526,"8","14","330","2","2","5"
"public",1,-0.533538671317834,-0.17241519428357,"8","16","310","2","3","7"
"public",2,2.09668374625137,-0.18123675761129,"8","15","210","2","4","5"
"public",1,0.625518348722103,-0.207055333828452,"8","14","160","2","3","4"
"public",1,1.05821405387777,-0.206279347948686,"8","14","160","2","3","2"
"public",0,0.91350926067817,-0.201620185867244,"8","13","160","2","3","1"
"public",2,-0.857351112963018,-0.170629452719254,"8","14","160","2","4","5"
"public",1,1.05395803054837,-0.190022606107724,"8","14","240","2","4","7"
"public",0,0.435415973342236,-0.202214350787734,"8","16","160","2","7","7"
"public",0,0.278652447376002,-0.209652776103821,"8","13","160","2","4","5"
"public",0,-0.644195277882234,-0.1929804434988,"8","13","160","2","2","5"
"public",0,-0.52445915488178,-0.120778041849246,"8","14","160","2","4","5"
"public",0,-0.296620039314566,-0.18076597119888,"8","13","330","2","7","5"
"public",0,-0.264699864344066,-0.210061873262191,"8","15","160","2","2","4"
"public",0,-0.234907701038266,-0.181243251216979,"8","15","160","2","2","5"
"public",0,-0.466860972490567,-0.0974172953851511,"8","14","990","0","0","0"
"public",2,0.368738274514969,-0.20079225114197,"8","14","330","2","2","7"
"public",2,0.505640358277336,-0.204941665176871,"8","14","240","2","7","1"
"public",3,1.32634352362997,-0.185366690829126,"8","22","240","3","3","5"
"public",0,2.13002259566501,-0.172681432116795,"8","16","240","2","1","5"
"public",1,-0.0483520117662322,-0.2003831539836,"8","13","240","2","4","4"
"public",0,0.957488168415304,-0.204428670327486,"8","16","240","2","3","2"
"public",2,1.46537361905704,-0.192545371917675,"8","15","240","3","4","4"
"public",1,0.391437065605102,-0.200006524853671,"8","14","330","3","4","7"
"public",0,-0.778543747646961,-0.151051231568665,"8","43","330","2","4","5"
"public",2,0.0928060953255348,-0.158324069939696,"8","15","160","2","4","6"
"public",1,0.63261172093777,-0.128671019563522,"8","15","160","3","2","5"
"public",1,2.30664756383511,-0.168941115240265,"8","15","210","2","7","5"
"public",0,-1.02099520997845,-0.0717643061130438,"8","43","160","2","7","8"
"public",1,-0.906366314973275,-0.216084692538202,"8","14","160","2","4","8"
"public",1,1.05821405387777,-0.176895782208581,"8","14","210","2","8","3"
"public",1,-0.444162181400433,-0.196655824318446,"8","13","330","2","2","5"
"public",1,1.39940525745134,-0.172804810624875,"8","16","240","2","1","4"
"public",0,0.557421975451703,-0.200396141194976,"8","13","160","2","3","4"
"public",1,0.462370787761769,-0.197126610730856,"8","14","160","2","4","1"
"public",1,0.149553073050868,-0.197035700251219,"8","14","160","2","3","1"
"public",0,-0.149077897228699,-0.199006509577654,"8","44","160","2","4","8"
"public",0,-1.01326343426337,-0.176668506009486,"8","13","160","2","4","8"
"public",0,-0.317900155961566,-0.1939057823094,"8","13","160","2","2","2"
"public",0,-0.276049259889133,-0.173821059915113,"8","13","160","2","3","5"
"public",0,-0.3108067837459,-0.165772235664315,"8","13","330","2","4","5"
"public",4,1.04402730944644,-0.142551101722522,"8","14","330","2","4","7"
"public",0,0.296385877915169,-0.174681462668829,"8","14","330","2","4","2"
"public",1,-0.134891152797366,-0.14572647490416,"8","14","160","2","7","6"
"public",0,-0.4299754369691,-0.189016097226019,"8","13","160","2","4","4"
"public",0,-0.58808670365631,-0.112589605076147,"8","13","160","2","3","2"
"public",1,-0.281723957661666,-0.144745940445208,"8","14","160","2","3","1"
"public",0,0.238220225746702,-0.1837270553928,"8","14","330","2","4","5"
"public",1,0.164449154703768,-0.177220462493002,"8","14","330","2","7","5"
"public",1,-0.914452759299135,-0.183746536209865,"8","13","240","2","4","4"
"public",1,0.221905469650668,-0.156340273401884,"8","14","160","2","5","1"
"public",0,-0.114320373371932,-0.177123058407675,"8","13","160","2","7","6"
"public",1,-0.589079775766504,0.0138116764518131,"9","16","210","2","3","4"
"public",1,-0.594187003761784,-0.189542079286781,"8","13","160","2","4","7"
"public",2,-0.3469829820458,-0.174687956274517,"8","43","240","2","4","2"
"public",3,0.221196132429102,-0.201918891728911,"8","14","320","2","2","5"
"public",0,-0.518004186165524,-0.205500115266075,"28","43","410","2","7","7"
"public",0,-0.826069341491928,-0.173129490909296,"1","43","220","2","7","4"
"public",0,0.838319515192104,-0.175791869241549,"8","13","240","2","7","5"
"public",1,0.342492797317002,-0.170976860623585,"8","13","160","2","2","4"
"public",1,1.06034206554247,-0.20202603622277,"8","16","330","2","3","4"
"public",0,1.44976820018257,-0.202188376364981,"8","23","240","2","1","5"
"public",1,0.196369329674268,-0.210269668644221,"8","14","160","2","4","4"
"public",3,1.2766899181203,-0.209740439780614,"8","15","330","3","7","5"
"public",3,1.96971238359094,-0.217061980194309,"8","22","240","3","2","3"
"public",1,-0.137728501683632,-0.186460863387625,"8","13","160","2","2","9"
"public",0,-0.124960431695432,-0.204909197148429,"8","13","160","2","3","6"
"public",0,1.52353927122551,-0.0700240197885469,"8","16","240","2","3","5"
"public",0,0.164449154703768,-0.179363352370181,"8","43","160","2","4","8"
"public",0,-0.629086395062864,-0.180921817735402,"27","14","530","3","1","6"
"public",2,2.05128616407111,-0.102917379403244,"8","22","220","2","7","5"
"public",1,0.89222914403117,-0.198331174586059,"8","14","210","2","1","5"
"public",3,0.0509551992531014,-0.18415888017108,"8","14","330","2","3","5"
"public",1,0.041024478151168,-0.162934529978475,"8","13","160","2","7","9"
"public",2,0.880879748486104,-0.160512415056694,"8","15","240","2","4","5"
"public",1,-0.986450487288152,-0.172707406539549,"28","43","160","2","4","6"
"public",0,0.519827102708669,-0.211052148129675,"8","14","160","2","8","7"
"public",1,-0.5108398802277,-0.204428670327486,"8","13","160","2","4","7"
"public",0,2.05341417573581,-0.206337790399882,"8","22","220","2","4","4"
"public",0,-0.4618956119396,-0.200172111798726,"8","14","220","2","1","5"
"public",0,-0.605039863251754,-0.154557778640412,"8","44","160","2","7","6"
"public",0,0.185019934129202,-0.199688338174939,"8","13","160","2","2","6"
"public",0,1.10290229883647,-0.187626465608696,"8","14","150","2","1","2"
"public",1,-0.671291959746081,-0.192230432041787,"8","14","160","2","7","4"
"public",0,-0.645330217436741,-0.112609085893212,"8","44","160","2","7","6"
"public",2,1.87253318423631,-0.204480619172993,"8","22","240","2","3","7"
"public",2,1.65405731999377,-0.214656099286749,"8","16","240","2","2","1"
"public",2,0.76667645581387,-0.169252808313309,"8","15","160","3","4","7"
"public",1,0.625518348722103,-0.192162249182059,"8","14","240","2","7","6"
"public",1,-0.143403199456166,-0.195272686306812,"8","14","160","2","4","9"
"public",0,-0.575886103445364,-0.180171806278389,"8","14","160","2","4","5"
"public",0,-0.411532669208367,-0.156148712034075,"8","22","220","2","2","4"
"public",0,-0.766201279991701,-0.147771960696012,"8","43","220","2","4","7"
"public",0,-0.204406200510899,-0.203811777787086,"8","14","210","2","2","4"
"public",1,1.44125615352377,-0.192788882130991,"8","15","240","2","4","4"
"public",1,0.63261172093777,-0.157710424202141,"8","14","330","2","2","7"
"public",1,0.507768369942036,-0.201526028584762,"8","14","330","2","4","5"
"public",1,0.279361784597569,-0.214006738717907,"8","14","330","2","2","7"
"public",1,0.153809096380268,-0.193545387193692,"8","13","330","2","7","7"
"public",1,0.262337691279969,-0.209688490935107,"8","22","160","2","3","7"
"public",1,0.107702176978435,-0.211438517668136,"8","33","160","2","3","6"
"public",1,0.136075665841102,-0.204909197148429,"8","13","160","2","4","4"
"public",0,0.0772006764510681,-0.196993491814244,"8","13","160","2","4","7"
"public",1,4.49495289236828,-0.201957853363042,"8","22","240","2","2","5"
"public",1,0.84115686407837,-0.201607198655867,"8","15","160","2","1","6"
"public",1,1.52637662011177,-0.201714343149726,"8","23","240","2","3","5"
"public",0,-0.53956803770115,-0.17842177954536,"8","13","160","2","4","6"
"public",1,-0.840397953367574,-0.133161347897065,"8","13","160","2","1","8"
"public",0,-0.0327465928917655,-0.137349723566096,"8","14","220","2","1","2"
"public",2,2.10803314179644,-0.185879685678511,"8","22","240","2","4","2"
"public",0,-0.367553761471233,-0.155726627664328,"8","14","220","2","7","4"
"public",0,1.46537361905704,-0.170817767284219,"8","22","210","2","1","5"
"public",1,0.557421975451703,-0.204048794394713,"8","23","240","2","3","4"
"public",1,0.797887293562803,-0.204438410736019,"8","23","240","2","2","6"
"public",2,0.242476249076102,-0.200714327873709,"8","14","160","2","3","2"
"public",0,-0.0717601400779323,-0.168522277673362,"8","13","160","2","4","7"
"public",0,-0.866998099176325,-0.143356308827886,"8","43","220","2","8","5"
"public",0,-0.898350804369571,-0.101115403824707,"8","43","160","2","4","5"
"public",1,0.607784918182936,1.38265076835959,"8","22","230","2","3","5"
"public",0,-0.283851969326366,-0.161652042855012,"8","14","150","2","4","6"
"public",0,0.994373703936771,-0.179912062050852,"8","22","210","2","1","2"
"public",0,1.65760400610161,-0.165145602715383,"8","16","240","2","4","7"
"public",2,-0.232779689373566,-0.20494815878256,"10","13","160","2","3","5"
"public",0,-1.01113542259867,-0.172804810624875,"23","43","220","2","3","4"
"public",2,-0.915942367464425,-0.128972972228033,"8","43","160","2","2","4"
"public",0,-0.721371167588687,-0.19955846606117,"1","44","160","2","7","8"
"public",0,0.532595172696869,-0.137742586710246,"8","16","240","2","4","2"
"public",1,-0.634761092835397,-0.174817828388286,"8","13","160","2","4","6"
"public",0,-0.228523666044166,-0.148729767535054,"8","14","330","2","7","5"
"public",2,-0.662283377032184,-0.011698453495149,"8","43","160","2","7","1"
"public",1,0.744687001945303,-0.194295398650705,"8","14","330","3","2","7"
"public",6,-0.158299281109066,-0.185158895447096,"22","14","160","2","3","7"
"public",7,0.478685543857803,-0.211630079035945,"8","22","220","2","4","2"
"public",7,0.0800380253373348,-0.181457540204696,"8","15","220","2","3","5"
"public",2,-0.141275187791466,-0.161635808840791,"8","14","330","2","7","5"
"public",1,1.09297157773454,-0.202032529828459,"8","23","240","2","2","7"
"public",1,0.939754737876137,-0.202016295814238,"8","23","240","2","2","7"
"public",1,0.219777457985968,-0.204915690754118,"8","14","330","2","3","4"
"public",1,-0.796348111908284,-0.12900868705932,"8","43","160","2","4","5"
"public",2,0.851087585180304,-0.187318019338496,"8","14","240","2","7","6"
"public",1,1.42706940909244,-0.198181821655225,"8","14","240","2","3","2"
"public",2,-0.229233003265733,-0.187934911878896,"8","14","330","2","4","4"
"public",0,0.390018391161969,-0.161389051824631,"8","16","220","2","4","5"
"public",4,0.326887378442535,-0.203649437644875,"8","14","240","2","3","5"
"public",0,-0.5193519268865,-0.193941497140686,"8","64","160","2","4","8"
"public",1,0.281489796262269,-0.202019542617082,"8","16","240","2","3","1"
"public",2,0.114795549194102,-0.210143043333296,"8","14","160","2","1","6"
"public",1,1.1681613232206,-0.20733131207021,"8","14","240","2","1","2"
"public",0,-0.3959272503339,-0.149512247020509,"8","14","150","2","7","5"
"public",0,-0.349820330932066,-0.162330624649452,"8","14","160","2","7","2"
"public",0,-0.352657679818333,-0.180541941802629,"8","14","160","2","3","1"
"public",2,-0.518571655942777,-0.150986295511781,"8","14","160","2","4","8"
"public",1,0.0644326064628681,-0.125953445582917,"8","43","160","2","4","5"
"public",2,0.697161408100336,-0.20202603622277,"8","13","330","2","3","5"
"public",2,0.933370702882037,-0.202019542617082,"8","15","160","2","2","2"
"public",0,1.53134198066274,-0.17994128327645,"8","15","160","2","2","2"
"public",0,-0.305132085973366,-0.178194503346265,"8","44","160","2","7","6"
"public",1,2.00872593077711,-0.203019557893099,"8","22","240","2","3","5"
"public",1,0.346748820646402,1.08601961370968,"8","15","140","2","7","2"
"public",1,-0.0157224995741655,-0.125758637412265,"8","15","160","2","7","5"
"public",1,-1.00113376777458,-0.224461443876265,"12","43","910","2","7","8"
"public",0,-0.3427269587164,0.125563383546695,"8","14","220","2","2","5"
"public",0,0.374412972287502,-0.203620216419278,"8","14","230","2","4","1"
"public",1,0.518408428265536,-0.113453254632707,"8","43","160","3","4","6"
"public",2,-0.655331872260831,-0.199103913662981,"8","22","240","2","7","8"
"public",3,2.35913851823104,-0.214341159410861,"8","22","230","2","2","5"
"public",0,-0.756270558889768,-0.15029147970312,"8","14","240","2","2","7"
"public",1,0.0183256870610346,-0.0724363943017953,"8","14","240","2","2","2"
"public",2,0.0225817103904346,-0.0352053060872332,"8","16","330","2","7","7"
"public",1,0.241057574632969,-0.188227124134875,"8","22","240","2","4","5"
"public",0,-0.657105215314747,-0.123388471335991,"8","13","220","2","7","6"
"public",1,-1.16591280434452,-0.113907807030896,"5","44","720","3","4","1"
"public",1,0.218358783542835,-0.205889731607381,"8","22","240","2","4","5"
"public",1,-0.636463502167157,-0.171603493572518,"8","13","160","2","4","4"
"public",1,0.111248863086268,-0.178097099260939,"8","13","160","2","8","1"
"public",0,-0.523111414160804,-0.129005440256475,"8","14","220","2","4","7"
"public",0,-0.350529668153633,-0.19955846606117,"8","13","330","2","4","9"
"public",2,0.272268412381902,-0.209363810650686,"8","15","160","2","7","6"
"public",1,0.904287876797804,-0.204941665176871,"8","15","160","2","3","1"
"public",1,0.65814786091417,-0.130593126847294,"8","14","160","2","4","1"
"public",1,0.814202049658837,-0.21127942432877,"8","14","330","2","4","7"
"public",0,0.0112323148453679,-0.165304696054749,"8","44","160","2","7","2"
"public",0,0.264465702944669,-0.18351926001077,"8","13","160","2","3","6"
"public",1,0.660985209800436,-0.17829840103728,"8","23","240","2","2","5"
"public",0,-0.858344185073211,-0.169460603695339,"8","15","160","3","7","8"
"public",0,-0.083109535622999,-0.20494815878256,"8","44","160","2","4","1"
"public",1,0.242476249076102,-0.203337744571831,"8","14","240","2","3","5"
"public",1,-0.452674228059233,-0.168032010443886,"8","43","160","2","3","2"
"public",3,0.69432405921407,-0.17124309845681,"8","14","330","2","7","7"
"public",0,1.1639052998912,-0.193123302823945,"8","14","240","3","2","5"
"public",2,0.417682542803069,-0.155901955017915,"8","14","940","3","1","5"
"public",1,1.0724007983091,-0.182668597665587,"8","14","240","3","3","5"
"public",0,-0.568579930063227,-0.192373291366932,"8","13","160","2","3","5"
"public",0,2.04915815240641,-0.169541773766444,"8","16","240","2","3","4"
"public",1,0.453149403881402,-0.177785406187894,"8","15","240","2","4","1"
"public",1,0.565934022110503,-0.206470909316494,"8","14","160","2","1","4"
"public",0,0.953232145085904,-0.215630140140012,"8","14","230","2","4","1"
"public",0,-0.838979278924441,-0.127089826578391,"8","14","160","2","4","7"
"public",1,-0.0171411740172988,-0.177395789846589,"8","13","160","2","4","4"
"public",2,0.761711095262903,-0.187288798112899,"8","14","240","2","2","3"
"public",0,0.297804552358302,-0.163109857332063,"8","16","220","2","4","2"
"public",1,-0.218592944942233,-0.188811548646833,"8","64","160","2","3","4"
"public",0,2.23003914390591,-0.194038901226012,"8","13","240","2","8","1"
"public",0,0.966709552295671,-0.193331098205974,"8","14","220","2","2","1"
"public",0,0.712766826974803,-0.193909029112244,"8","13","160","2","4","3"
"public",0,0.736174955286503,-0.20356826757377,"8","14","160","2","3","4"
"public",0,0.848959573515604,-0.20494815878256,"8","14","160","2","2","4"
"public",0,1.1490092182383,-0.204944911979715,"8","14","160","2","3","4"
"public",0,-0.3746471336869,-0.151116167625549,"8","13","160","2","4","8"
"public",0,-0.169648676654133,-0.196409067302286,"8","13","330","2","4","7"
"public",0,0.307735273460235,-0.199139628494267,"8","22","160","2","4","5"
"public",1,1.72782839103671,-0.192236925647475,"8","22","220","2","1","4"
"public",0,0.0296750826061013,-0.202347469704347,"8","14","160","2","4","4"
"public",0,2.48610988089147,-0.21327620807796,"8","22","220","2","1","1"
"public",1,0.348167495089535,-0.206178697060515,"8","15","160","2","7","7"
"public",1,-0.3001667254224,-0.202185129562136,"8","14","160","2","2","4"
"public",1,-0.2725025737813,-0.185798515607406,"8","14","160","2","3","6"
"public",4,0.0552112225825014,-0.151862932279717,"8","14","330","2","4","2"
"public",0,-0.146240548342433,-0.162674785750939,"8","13","220","2","4","5"
"public",1,-0.102261640605299,-0.174376263201473,"8","14","160","2","2","2"
"public",1,-0.0426773139936989,-0.172788576610654,"8","14","160","2","1","5"
"public",1,0.0693979670138347,-0.207448196972602,"8","13","160","2","4","2"
"public",0,0.580120766541836,-0.193899288703711,"8","14","330","2","3","2"
"public",1,1.02061918113474,-0.193886301492334,"8","14","160","2","1","4"
"public",1,-0.723853847864171,-0.136992575253233,"8","14","160","2","4","7"
"public",1,-0.649231572155357,-0.225078336416665,"8","16","160","2","4","8"
"public",1,0.237510888525135,-0.157236390986886,"8","14","220","2","4","5"
"public",0,-0.4640236236043,-0.159135770650749,"8","13","160","2","7","7"
"social",0,-1.21953869829496,4.56600134458572,"5","71","720","4","7","10"
"social",2,0.89435715569587,-0.21685418481228,"8","22","210","3","1","6"
"social",1,0.131819642511702,-0.197974026273195,"8","21","210","2","1","2"
"social",0,-0.432812785855367,-0.18613293630036,"25","14","330","2","3","5"
"social",0,1.0213285183563,-0.21413985763452,"8","16","210","2","3","1"
"social",0,-0.825501871714674,0.00596415397735628,"25","43","160","2","7","8"
"social",2,1.00146707615244,-0.196831151672033,"8","22","210","2","3","2"
"social",2,-0.925163751344791,-0.215662608168454,"8","13","110","2","4","8"
"social",2,0.0977714558765015,-0.216084692538202,"8","14","310","2","4","5"
"social",0,-0.817982897166068,4.17719670399151,"10","43","160","3","7","4"
"social",0,-0.650082776821237,-0.222318553999086,"8","13","210","2","4","7"
"social",0,-0.831247503209364,-0.210305383475507,"28","14","310","2","3","6"
"social",1,-1.01475304242866,27.4302304837296,"22","43","930","2","4","5"
"social",1,-0.266118538787199,0.0195455302746889,"28","43","160","2","4","1"
"social",2,0.970965575625071,-0.121992346112981,"8","13","160","3","4","7"
"social",1,0.221905469650668,-0.156340273401884,"8","14","160","2","5","1"
"social",0,0.392146402826669,-0.155824031749654,"8","13","240","2","4","4"
"social",3,0.518408428265536,-0.0694623228964985,"8","23","230","2","7","2"
"social",2,0.471592171642136,-0.115716276215122,"8","15","160","2","4","2"
"social",0,-0.54637767502819,-0.171756093306195,"8","14","150","2","4","7"
"social",0,0.0701073042354014,-0.183227047754791,"8","13","160","2","4","5"
"social",0,0.0701073042354014,-0.183227047754791,"8","13","160","2","4","5"
"social",0,-1.0651159851599,-0.136732831025696,"8","13","160","3","4","8"
"social",0,-0.821529583273901,-0.17965556462616,"8","13","160","2","7","4"
"social",0,-1.11257064528271,3.30784576163707,"22","43","930","0","0","0"
"social",1,-0.519280993164344,-0.168843711154939,"8","16","240","2","2","7"
"social",1,1.73634043769551,-0.011698453495149,"8","15","150","2","4","4"
"social",2,-0.783438174475771,7.40328819285882,"22","43","930","3","7","2"
"social",2,0.682265326447436,-0.1834186091226,"8","14","160","2","4","5"
"social",3,0.192113306344868,-0.195558404957103,"8","13","160","3","4","9"
"social",2,-0.783438174475771,7.40328819285882,"22","43","930","3","7","2"
"social",0,-0.0448053256583989,-0.145362832985608,"8","14","160","3","7","4"
"social",0,-0.339180272608566,-0.0978686009804964,"8","14","160","2","3","5"
"social",1,-1.1492433796377,0.625918429459447,"22","43","930","2","4","2"
"social",0,0.529048486589036,-0.115255230211244,"8","22","210","2","1","2"
"social",0,-0.773294652207368,-0.147999236895107,"8","14","220","2","7","8"
"social",1,-0.683421626234871,-0.19894157352077,"8","14","160","2","7","8"
"social",0,-0.833517382318378,-0.149135617890581,"22","43","330","3","7","5"
"social",0,-1.10632847773292,-0.0995244704310438,"8","13","160","2","7","7"
"social",0,-0.338470935387,0.0660722150322258,"8","14","160","2","7","4"
"social",1,0.108411514200002,-0.160681248804593,"8","15","240","2","4","5"
"social",2,0.87520505071357,2.41663084892972,"8","21","220","3","7","5"
"social",0,-0.729315744470234,-0.129524928711549,"2","14","160","2","4","4"
"social",3,-0.844086506919721,-0.146310899416117,"8","43","160","2","7","9"
"social",6,-0.3214468420694,-0.202055257448368,"8","14","110","2","2","6"
"social",3,-1.12051522216425,0.0983324480923016,"22","43","930","2","4","5"
"social",0,-0.899060141591138,-0.0823813514136122,"8","43","160","2","7","8"
"social",0,-0.3427269587164,0.125563383546695,"8","14","220","2","2","5"
"social",1,-0.625043172899934,-0.14570374728425,"8","13","160","2","2","7"
"social",0,-0.139856513348332,-0.112544149836328,"8","44","160","2","7","1"
"social",0,-0.376065808130033,0.20329509043994,"8","14","160","2","4","2"
"social",0,-0.760242847330541,0.0631078840354616,"8","14","240","2","7","5"
"social",2,2.44354964759747,1.36682585129691,"8","22","330","2","7","2"
"social",0,-0.657530817647687,2.30996038828603,"8","43","160","2","7","2"
"social",1,0.865274329611637,1.0723765481583,"8","22","240","2","4","2"
"social",1,-0.802448412013758,0.268598036045546,"8","14","160","2","7","5"
"social",2,1.42990675797871,2.18688707967339,"8","14","220","2","2","2"
"social",2,0.283617807926969,1.48128214516102,"8","22","240","2","7","1"
"social",0,-0.645330217436741,-0.127804123204117,"8","14","220","2","7","5"
"social",2,2.73366857121824,1.74560761151105,"8","21","240","2","2","2"
"social",1,-0.908565260360131,-0.155629223579002,"17","43","160","2","7","1"
"social",0,-0.102261640605299,1.06193158340848,"8","16","160","2","4","2"
"social",2,0.87520505071357,2.41663084892972,"8","21","220","3","7","5"
"social",0,-0.745701434288424,0.567563641940451,"8","14","160","2","7","4"
"social",0,-0.454802239723933,1.75808507484135,"8","13","220","2","4","4"
"social",1,0.0679792925707014,0.597012143737441,"8","14","220","2","7","5"
"social",0,-0.490269100802267,1.19167057826029,"8","14","160","2","4","2"
"social",0,-0.0511893606524989,0.0474907623548089,"8","14","160","2","4","5"
"social",1,0.0857127231098681,-0.0968945601272332,"8","14","150","2","8","5"
"social",1,1.08445953107574,-0.103420633844096,"8","22","240","2","4","2"
"social",2,3.42881904835358,-0.137054264507273,"8","22","210","2","2","7"
"social",2,3.42881904835358,-0.137054264507273,"8","22","210","2","2","7"
"social",2,3.42881904835358,-0.137054264507273,"8","22","210","2","2","7"
"social",1,-0.0398399651074322,-0.210058626459347,"8","14","160","2","4","8"
"social",1,0.935498714546737,-0.162963751204073,"8","14","240","2","4","2"
"social",2,0.741849653059037,1.84300195642883,"8","14","140","2","7","5"
"social",1,-1.21819095757398,-0.225078336416665,"5","44","910","3","4","12"
"social",0,0.121888921409768,-0.101365407643711,"8","14","160","2","4","7"
"social",0,0.508477707163603,-0.178623081321701,"28","13","240","2","4","2"
"social",0,-0.3554950287046,0.0452829364207458,"8","13","220","2","7","6"
"social",0,-0.52445915488178,-0.12105077328816,"8","16","160","2","7","8"
"social",0,-0.52445915488178,-0.12105077328816,"8","16","160","2","7","8"
"social",1,-0.195894153852099,-0.193746688970033,"8","16","160","2","7","6"
"social",0,0.319084669005302,0.0927836620315458,"17","14","160","2","7","7"
"social",2,-0.126379106138566,-0.221441917231149,"8","14","160","2","7","11"
"social",1,0.625518348722103,-0.192162249182059,"8","14","240","2","7","6"
"social",1,2.11087049068271,2.25405044330873,"8","15","140","2","4","2"
"social",0,1.04402730944644,0.403665034364704,"8","14","140","2","4","2"
"social",2,1.37386911747494,1.2774933178413,"8","15","140","2","4","2"
"social",2,3.59976931875114,-0.10949215516277,"8","21","210","2","3","2"
"social",0,0.392855740048236,-0.173392481939678,"8","14","160","2","4","5"
"social",1,2.11087049068271,2.25405044330873,"8","15","140","2","4","2"
"social",2,0.398530437820769,-0.192577839946118,"8","14","160","3","2","5"
"social",2,1.74768983324057,1.43835291795487,"8","15","140","2","4","2"
"social",2,0.199206678560535,-0.206331296794193,"8","14","160","3","2","9"
"social",0,0.254534981842735,-0.176421748993326,"8","13","240","2","4","5"
"social",0,-0.0370026162211655,-0.207964438624831,"8","13","330","2","4","7"
"social",1,-0.503746508012033,-0.193818118632606,"8","14","160","2","4","6"
"social",0,-0.201568851624633,-0.140564058381865,"8","13","160","2","2","5"
"social",0,-0.295910702093,-0.135414629070947,"8","14","160","2","2","2"
"social",0,-0.0802721867367323,-0.197311678492976,"8","14","330","2","4","5"
"social",1,-0.00933846458006547,-0.123050803840193,"28","16","220","2","2","5"
"social",0,-1.07107441782106,-0.216182096623528,"1","43","160","3","7","4"
"social",0,-0.3129347954106,1.60743666967282,"8","14","140","2","4","2"
"social",0,-1.1492433796377,1.61674200662433,"22","43","930","2","7","5"
"social",0,-0.0802721867367323,-0.197311678492976,"8","14","330","2","4","5"
"social",0,-0.913175952300315,-0.221993873714665,"8","13","160","3","7","8"
"social",1,0.75603639749037,-0.171905446237029,"8","14","240","2","4","5"
"social",1,0.75603639749037,-0.171905446237029,"8","14","240","2","4","5"
"social",1,-1.16711867762118,-0.213259974063739,"14","43","910","0","0","0"
"social",0,-0.338470935387,0.0660722150322258,"8","14","160","2","7","4"
"social",1,-0.0348746045564655,-0.177925018710195,"8","14","160","2","3","5"
"social",0,-0.338470935387,0.0660722150322258,"8","14","160","2","7","4"
"social",0,-0.220011619385366,0.104244876071609,"8","14","160","2","7","2"
"social",0,-0.938002755055148,-0.0889074251304754,"8","14","160","2","7","8"
"social",0,-0.750666794839391,0.761261406020363,"8","43","160","2","3","4"
"social",1,-0.55169770418994,1.7117856662829,"8","14","140","2","7","5"
"social",0,-1.20528102014147,-0.209298874593802,"22","43","930","2","7","1"
"social",1,-0.55169770418994,1.7117856662829,"8","14","140","2","7","5"
"social",0,-1.04802095812014,-0.207253388801949,"1","42","160","2","4","4"
"social",1,0.604238232075103,1.94784446707123,"8","15","140","2","4","2"
"social",0,2.18251355006094,-0.0682545122384522,"8","22","220","2","3","5"
"social",0,-0.824721600770951,-0.116959801704454,"8","13","240","2","7","7"
"social",0,-0.376065808130033,0.20329509043994,"8","14","160","2","4","2"
"social",0,-0.312225458189033,-0.127758667964299,"8","16","320","2","2","7"
"social",0,-1.17499232078057,0.0571012987736721,"8","64","160","3","7","8"
"social",0,-1.1459804284185,-0.213487250262833,"8","64","160","3","7","8"
"social",0,-1.15073298780299,-0.21296776180776,"8","64","210","2","8","9"
"social",0,-1.09696522640824,-0.0390040654149595,"8","64","160","3","7","8"
"social",0,-1.15456340879945,-0.145661538847275,"8","64","160","2","7","8"
"social",0,-1.18563237910407,-0.20757806908637,"8","64","110","3","7","10"
"social",0,-1.07093255037674,-0.215045715628054,"8","64","210","3","7","8"
"social",0,-1.02766297986117,-0.194071369254454,"8","64","210","3","7","8"
"social",0,2.03213405908881,-0.175726933184665,"8","22","210","2","2","2"
"social",0,-0.745985169177051,-0.117576694244854,"8","64","160","2","7","7"
"social",0,-0.936442213167701,-0.16439559125837,"8","64","160","2","7","8"
"social",0,-0.861607136292418,-0.137349723566096,"8","64","160","3","7","8"
"social",0,-0.598868629424124,-0.14897327774837,"8","43","240","2","4","8"
"social",0,-0.6193684751274,-0.218324986500707,"8","44","160","2","7","8"
"social",0,-0.598868629424124,-0.14897327774837,"8","43","240","2","4","8"
"social",2,0.587923475979069,-0.131765222674054,"8","43","160","3","7","6"
"social",0,-1.01588798198317,-0.18228547492997,"8","64","110","3","7","8"
"social",0,-1.02922352174862,-0.17718799446456,"8","64","110","2","7","9"
"social",0,-0.300876062643966,-0.208324833740539,"8","13","160","3","7","6"
"social",1,-0.626958383398164,-0.198811701407002,"8","44","310","2","7","8"
"social",0,-0.151915246114966,-0.0294259970245385,"8","13","220","3","7","6"
"social",0,-0.907784989416408,-0.209948235162644,"8","43","330","2","4","6"
"social",0,-0.897854268314475,-0.179136076171086,"8","13","160","3","7","8"
"social",0,-1.13597877359441,0.414541823892809,"8","64","160","3","4","8"
"social",0,-1.03042939502528,-0.210889807987465,"8","64","160","3","7","8"
"social",1,-0.293073353206733,-0.219786047780602,"8","14","160","2","8","6"
"social",0,0.145297049721468,-0.135758790172433,"25","41","330","2","7","8"
"social",0,-0.666894068972367,-0.21296776180776,"8","44","410","3","7","8"
"social",0,-0.723711980419857,-0.205240371038539,"8","44","160","3","7","10"
"social",0,0.724825559741437,-0.214876881880155,"8","22","210","2","3","4"
"social",0,-0.4214633903103,-0.215084677262185,"8","14","160","2","1","6"
"social",0,-0.530914123598037,-0.218799019715962,"8","14","110","2","3","8"
"social",1,-0.52722557004589,-0.217711340763151,"8","14","160","2","3","8"
"social",0,-0.5129678918924,-0.187340746958406,"25","13","160","2","4","7"
"social",0,-0.339180272608566,-0.217415881704328,"8","14","310","2","3","4"
"social",1,-0.52722557004589,-0.217711340763151,"8","14","160","2","3","8"
"social",0,-0.534177074817244,-0.218997074689459,"8","14","110","2","3","8"
"social",0,-1.05759701061129,-0.20556505132296,"8","43","160","2","7","8"
"social",0,0.0509551992531014,-0.218799019715962,"8","14","210","2","1","2"
"social",0,-0.460476937496467,-0.218870449378534,"8","14","110","2","3","8"
"social",2,-0.462604949161167,-0.217146397068259,"8","14","130","2","4","4"
"social",0,-1.14129880275616,0.70418910562483,"8","64","310","3","7","8"
"social",0,-1.15002365058143,-0.00517237977828583,"8","64","160","2","7","6"
"social",0,-1.1454838923634,-0.182058198730875,"8","43","160","2","4","8"
"social",0,-1.17073629745117,-0.194233709396665,"8","62","110","3","7","10"
"social",0,-1.16648027412177,-0.189006356817486,"8","63","160","2","4","8"
"social",0,-1.1757725917243,-0.0693941400367701,"8","62","160","3","7","8"
"social",0,-1.14441988653105,-0.158194197825928,"8","43","160","3","7","8"
"social",0,-1.15477620996592,0.0874913733954826,"8","41","160","3","7","8"
"social",0,-1.14441988653105,-0.158194197825928,"8","43","160","3","7","8"
"social",0,-1.03440168346606,-0.20556505132296,"8","43","160","2","4","8"
"social",0,-1.13392169565186,-0.205272839066981,"8","63","160","2","4","8"
"social",0,-1.15122952385809,-0.111602577011507,"8","64","160","3","7","8"
"social",0,-1.1556274146318,-0.207383260915718,"25","64","160","3","8","8"
"social",0,-1.13101341304344,-0.204363734270602,"8","81","160","3","7","10"
"social",0,-1.13690091198244,-0.195986982932539,"8","64","160","2","7","8"
"social",0,-1.15158419246887,-0.210922276015907,"8","64","160","3","7","8"
"social",0,-1.05029083722915,0.0966798254445984,"8","43","160","3","7","8"
"social",0,-1.14583856097418,-0.196116855046307,"8","64","110","2","7","8"
"social",0,-1.15803916118513,-0.193973965169128,"8","63","160","3","7","8"
"social",0,-1.15747169140788,0.0500232685732932,"25","64","160","2","7","6"
"social",0,-1.16818268345353,-0.187188147224728,"8","43","110","3","7","8"
"social",0,-0.964035431086645,-0.176149017554412,"8","43","160","3","7","8"
"social",0,-0.598797695701967,-0.151862932279717,"8","43","160","2","4","4"
"social",0,-1.09575935313158,0.0978811424969563,"25","64","160","3","7","8"
"social",0,-1.01021328421063,-0.17735033460677,"8","43","110","3","7","8"
"social",1,-0.616460192518977,-0.187869975822012,"8","43","310","3","7","1"
"social",0,-0.598797695701967,-0.151862932279717,"8","43","160","2","4","4"
"social",1,-0.139856513348332,-0.215662608168454,"8","44","210","2","8","1"
"social",1,-0.124960431695432,-0.210402787560833,"8","15","160","2","7","7"
"social",1,-0.139856513348332,-0.215662608168454,"8","44","210","2","8","1"
"social",0,-0.3831591803457,-0.213811930547254,"8","13","160","2","7","8"
"social",1,-0.124960431695432,-0.210402787560833,"8","15","160","2","7","7"
"social",0,-0.566877520731467,-0.212805421665549,"8","44","160","2","7","10"
"social",1,-0.621922089125041,-0.215662608168454,"8","44","160","2","7","8"
"social",1,-0.621922089125041,-0.215662608168454,"8","44","160","2","7","8"
"social",0,-0.3831591803457,-0.213811930547254,"8","13","160","2","7","8"
"social",1,-0.5853202884922,-0.211669040670075,"8","44","160","2","7","8"
"social",0,-0.566877520731467,-0.212805421665549,"8","44","160","2","7","10"
"social",3,-0.492397112466967,-0.149849914516307,"8","14","160","2","4","7"
"social",2,-0.4363594719632,-0.220467876377886,"8","14","310","2","2","7"
"social",0,-0.767123418379738,-0.215662608168454,"8","44","110","2","4","8"
"social",0,-1.13548223753931,-0.108745390508602,"8","71","110","2","8","8"
"social",0,-1.1688920206751,-0.0811150983043701,"8","64","110","2","7","8"
"social",0,-1.00283617710634,-0.15621364809096,"1","64","110","2","7","6"
"social",0,-1.03362141252233,-0.202740332848496,"8","64","160","2","4","8"
"social",0,-0.771521309153451,-0.208097557541444,"8","64","160","2","4","8"
"social",0,-0.942826248161801,-0.174655488246075,"8","43","160","2","7","8"
"social",0,-1.06242050371794,-0.211344360385654,"8","64","110","2","7","8"
"social",0,-0.983684072124042,-0.171084005117444,"8","43","160","2","7","4"
"social",0,-0.904096435864261,-0.16916839143936,"8","64","160","2","5","7"
"social",0,-0.998012683999688,0.0950564240224932,"8","15","160","3","4","8"
"social",0,-1.08937531813748,0.677208173989441,"8","64","160","3","7","8"
"social",0,-1.1832915662729,-0.191506395007528,"8","62","160","3","4","10"
"social",0,-1.17109096606196,-0.170856728918349,"8","64","160","2","4","8"
"social",0,-1.14640603075144,-0.193973965169128,"8","64","160","2","1","8"
"social",0,-1.04419053712368,-0.0301727616787069,"8","64","210","2","7","6"
"social",0,-1.04475800690093,-0.0682252910128543,"8","64","310","3","4","8"
"social",0,-1.09788736479628,-0.178778927858223,"9","64","410","2","5","8"
"social",0,-1.04475800690093,-0.0682252910128543,"8","64","310","3","4","8"
"social",0,-1.1832915662729,-0.191506395007528,"8","62","160","3","4","10"
"social",0,-1.1055482067892,-0.217675625931865,"8","64","110","3","4","8"
"social",0,-1.13363796076324,-0.187577763566033,"8","32","895","3","7","6"
"social",0,-1.18619984888133,-0.198454553094139,"8","62","160","3","4","10"
"social",0,-1.18811505937956,-0.198454553094139,"8","62","160","3","7","10"
"social",0,-1.17868087433272,-0.157122752887339,"8","64","160","2","7","8"
"social",0,-1.1433558806987,-0.215662608168454,"8","64","110","3","3","8"
"social",0,-1.08781477625003,-0.21621456465197,"8","43","160","3","1","8"
"social",0,-1.12604805249247,-0.120466348776202,"8","64","160","2","7","8"
"social",0,-0.61830446929505,0.100121436459462,"8","43","210","3","8","8"
"social",0,-1.02262668558805,-0.204039053986181,"25","64","160","2","7","6"
"social",0,-1.11008796500722,-0.211311892357212,"8","64","160","3","4","8"
"social",0,-1.13030407582187,-0.193941497140686,"8","64","160","3","4","8"
"social",0,-1.13874518875852,-0.110531132072917,"8","64","160","3","4","8"
"social",0,-1.14087320042322,-0.201701355938349,"8","71","160","2","7","8"
"social",0,-1.01375997031847,-0.195922046875654,"8","64","110","3","7","8"
"social",0,-1.07121628526537,0.09408238316923,"8","64","160","2","7","8"
"social",0,-1.08951718558179,0.00947070104910365,"8","64","160","3","7","8"
"social",0,-0.959353805424305,-0.201993568194328,"8","43","110","2","4","10"
"social",0,-1.11420212089231,-0.103095953559675,"8","64","110","3","4","12"
"social",0,-1.1322192863201,-0.164103379002391,"8","64","160","3","7","8"
"social",0,-1.1433558806987,-0.215662608168454,"8","64","110","3","3","8"
"social",0,-1.11959308377622,-0.206896240489086,"8","63","110","3","4","8"
"social",2,2.33431171547621,-0.218266544049511,"8","15","220","2","2","5"
"social",0,-0.0987149544974657,-0.206441688090896,"8","22","210","2","4","9"
"social",1,1.2596658248027,-0.221513346893722,"8","22","210","2","4","4"
"social",2,0.89435715569587,-0.21685418481228,"8","22","210","3","1","6"
"social",2,0.89435715569587,-0.204795559048882,"8","22","240","3","1","6"
"social",1,2.61166256910878,-0.203912428675256,"8","16","210","3","2","5"
"social",0,0.84541288740777,-0.186899181771593,"8","15","210","2","1","1"
"social",0,0.84541288740777,-0.186899181771593,"8","15","210","2","1","1"
"social",0,1.0213285183563,-0.21413985763452,"8","16","210","2","3","1"
"social",0,-0.3427269587164,0.125563383546695,"8","14","220","2","2","5"
"social",0,-0.630717870672467,-0.172749614976524,"8","33","240","2","4","4"
"social",1,-0.929065106063408,-0.155824031749654,"8","13","160","3","7","6"
"social",3,1.58028624895084,-0.161441000670139,"8","16","210","2","2","7"
"social",0,-0.584610951270634,-0.172700912933861,"8","33","410","2","2","6"
"social",2,-1.04851749417524,-0.0615563579708459,"22","43","950","2","7","1"
"social",0,-0.748751584341161,-0.192197964013345,"8","22","230","2","2","4"
"social",0,-0.794929437465151,-0.21296776180776,"8","14","220","2","2","7"
"social",0,-0.794929437465151,-0.21296776180776,"8","14","220","2","2","7"
"social",0,-0.200150177181499,0.00171084225144049,"8","44","160","2","7","1"
"social",0,-0.200150177181499,0.00171084225144049,"8","44","160","2","7","1"
"social",2,1.42990675797871,2.18688707967339,"8","14","220","2","2","2"
"social",2,1.42990675797871,2.18688707967339,"8","14","220","2","2","2"
"social",0,-0.405857971435833,-0.212682043157469,"8","14","160","2","1","6"
"social",0,-0.405857971435833,-0.212682043157469,"8","14","160","2","1","6"
"social",0,0.254534981842735,-0.176421748993326,"8","13","240","2","4","5"
"social",0,0.254534981842735,-0.176421748993326,"8","13","240","2","4","5"
"social",0,-0.263990527122499,0.491390400412428,"8","14","330","2","4","2"
"social",0,-0.263990527122499,0.491390400412428,"8","14","330","2","4","2"
"social",1,-0.908565260360131,-0.155629223579002,"17","43","160","2","7","1"
"social",1,-0.908565260360131,-0.155629223579002,"17","43","160","2","7","1"
"social",0,-0.984038740734825,2.92834645799437,"10","64","160","3","7","6"
"social",0,-0.984038740734825,2.92834645799437,"10","64","160","3","7","6"
"social",2,-0.105098989491566,-0.163973506888623,"8","14","160","2","7","9"
"social",0,0.494290962732269,1.2319601547541,"8","15","140","2","1","2"
"social",0,-0.935945677112605,-0.20696117654597,"8","64","110","2","7","8"
"social",1,0.122598258631335,-0.221279577088939,"8","14","110","2","1","8"
"social",0,-1.00184310499615,0.110706013731588,"8","64","160","3","7","8"
"social",0,-1.00184310499615,0.110706013731588,"8","64","160","3","7","8"
"social",0,-1.14314307953223,0.0836276780108721,"8","64","160","3","7","8"
"social",0,-1.12654458854757,-0.0241012403600332,"1","64","510","2","7","9"
"social",1,-0.826140275214084,-0.071537029913949,"8","14","160","2","4","4"
"social",0,-0.5065838568983,-0.172347011423842,"9","33","430","3","3","6"
"social",0,-0.505165182455167,-0.206571560204665,"25","14","160","2","7","8"
"social",0,-0.203696863289333,-0.217734068383061,"8","14","310","2","2","5"
"social",1,0.660985209800436,-0.19789285620209,"8","22","210","2","3","5"
"social",1,0.381506344503169,-0.0391664055571701,"8","13","160","2","2","5"
"social",1,1.63774256389774,-0.213971023886621,"8","22","210","2","2","6"
"social",0,-1.16371385895766,-0.194233709396665,"8","63","110","3","7","8"
"social",0,-1.17229683933862,-0.150888891426454,"8","64","110","3","7","8"
"social",0,-1.13150994909854,0.151420921397988,"8","64","160","3","7","6"
"social",0,-1.06823706893479,-0.192285627690139,"8","43","160","2","7","8"
"social",0,-0.378193819794733,-0.183681600152981,"8","15","140","2","7","5"
"social",0,-1.21492800635478,-0.062283641807949,"18","64","920","0","0","0"
"social",0,-1.1055482067892,-0.147447280411591,"8","43","160","3","7","8"
"social",0,-0.276049259889133,0.085121207319209,"8","14","160","2","4","4"
"social",2,1.20575619596364,-0.0174777625578437,"8","43","160","2","1","7"
"social",2,1.20575619596364,-0.0174777625578437,"8","43","160","2","1","7"
"social",1,0.0772006764510681,-0.194558389681086,"8","14","160","2","4","7"
"social",0,-1.10256899045862,2.11505481354807,"25","64","110","3","7","8"
"social",0,1.25257245258704,-0.1939057823094,"8","16","240","2","3","7"
"social",1,-1.00347458060575,1.01947638941758,"22","43","930","3","7","2"
"social",0,-0.280305283218533,0.210434809894359,"8","14","160","2","7","5"
"social",0,-0.235617038259833,-0.206376752034012,"1","13","160","2","7","1"
"social",1,-0.826140275214084,-0.071537029913949,"8","14","160","2","4","4"
"social",2,0.790793921347137,-0.177986707964235,"8","13","160","2","7","2"
"social",0,0.399949112263902,-0.192383031775465,"8","15","160","3","7","5"
"social",1,-0.266118538787199,-0.155976631483332,"8","13","160","2","2","4"
"social",1,-0.266118538787199,-0.155976631483332,"8","13","160","2","2","4"
"social",0,-0.379612494237866,0.690234347000414,"8","14","330","2","4","4"
"social",1,-0.00933846458006547,-0.168418379982347,"28","16","220","2","2","5"
"social",1,0.381506344503169,-0.0391664055571701,"8","13","160","2","2","5"
"social",0,0.170123852476302,-0.0299357450710795,"8","13","160","3","7","1"
"social",1,-1.01390183776278,-0.0830631800108964,"8","43","160","3","7","8"
"social",0,-0.752440137893308,-0.149103149862139,"8","13","330","2","7","5"
"social",0,-0.338470935387,0.0660722150322258,"8","14","160","2","7","4"
"social",1,2.69891104736148,0.253562092074007,"8","16","240","2","4","2"
"social",2,-0.625894377565814,-0.164070910973949,"28","43","430","2","4","6"
"social",1,-0.433522123076933,-0.137154915395444,"8","43","160","2","7","4"
"social",0,-0.202278188846199,-0.21080863791636,"8","13","160","2","7","4"
"social",3,0.155937108044968,-0.204133211268663,"8","14","220","2","2","5"
"social",2,-0.339180272608566,-0.13425227365272,"8","14","160","2","5","5"
"social",0,-0.3427269587164,0.125563383546695,"8","14","220","2","2","5"
"social",0,-1.13626250848303,-0.187415423423823,"8","64","110","2","7","8"
"social",0,-1.21428960285537,-0.169298263553128,"15","71","910","2","0","10"
"social",0,-0.376065808130033,0.20329509043994,"8","14","160","2","4","2"
"social",0,-0.819188770442731,-0.220240600178791,"8","14","310","2","4","7"
"social",1,0.76242043248447,-0.196441535330728,"8","14","240","2","4","6"
"social",1,0.891519806809604,-0.204944911979715,"8","14","160","2","2","4"
"social",1,2.22152709724711,-0.192707712059886,"8","21","210","2","1","2"
"social",1,2.03000604742411,-0.210545646885979,"8","21","210","2","2","5"
"social",1,0.590051487643769,-0.157934453598391,"8","16","240","2","7","1"
"social",1,-0.887497944879601,-0.213487250262833,"8","14","160","2","4","6"
"social",3,1.58028624895084,-0.161441000670139,"8","16","210","2","2","7"
"social",1,0.191403969123302,-0.20235721011288,"8","14","160","2","7","5"
"social",0,-1.03787743585173,-0.218876942984223,"1","13","530","2","4","8"
"social",0,-1.09611402174236,-0.20248058862096,"8","64","130","2","7","8"
"social",0,-0.437068809184767,-0.215792480282223,"8","22","240","2","1","9"
"social",0,-1.20726716436186,3.17942172193717,"23","43","940","2","3","5"
"social",0,-0.5108398802277,0.687045986607399,"23","43","940","2","7","2"
"social",0,-0.732153093356501,0.471750490007799,"23","14","940","2","7","5"
"social",0,-0.0717601400779323,-0.219883451865928,"8","22","160","2","4","7"
"social",6,-0.359041714812433,-0.211656053458699,"8","14","160","2","3","9"
"social",0,-0.667887141082561,-0.216107420158111,"8","14","160","2","2","7"
"social",0,-0.359751052034,-0.216045730904071,"8","14","210","2","4","7"
"social",0,-0.653416661762601,-0.223552339079886,"8","14","210","2","4","8"
"social",0,-0.53531201437175,-0.203578007982303,"8","44","160","2","4","8"
"social",0,-0.802377478291601,-0.213324910120623,"8","14","210","2","4","7"
"social",2,2.65422280240278,0.336732193731304,"8","21","220","2","2","2"
"social",0,0.379378332838469,-0.186707620403785,"8","22","210","2","4","4"
"social",2,0.742558990280603,0.557167379233289,"8","14","160","2","3","5"
"social",0,-0.200150177181499,0.00171084225144049,"8","44","160","2","7","1"
"social",0,0.409170496144269,-0.150466807056707,"8","13","240","2","4","5"
"social",1,0.242476249076102,-0.118476058632701,"8","14","160","2","4","5"
"social",1,-0.366844424249666,0.01943838578083,"8","44","160","2","7","2"
"social",0,0.508477707163603,-0.112615579498901,"8","13","220","2","4","2"
"social",1,-0.290236004320466,0.432269367422199,"8","14","160","3","4","3"
"social",2,-0.579078120942414,-0.119391657034768,"8","15","160","2","4","4"
"social",2,3.36994405896354,-0.214727528949322,"8","22","210","2","2","1"
"social",1,1.42990675797871,2.18688707967339,"8","14","220","2","2","2"
"social",2,-0.254059806020566,-0.0529003815881806,"8","43","160","2","4","1"
"social",0,-0.405857971435833,-0.212682043157469,"8","14","160","2","1","6"
"social",0,0.254534981842735,-0.176421748993326,"8","13","240","2","4","5"
"social",2,0.472301508863703,-0.11901502790484,"8","22","230","2","2","4"
"social",2,0.283617807926969,1.48128214516102,"8","22","240","2","7","1"
"social",0,-0.766201279991701,-0.111667513068391,"8","43","240","2","4","7"
"social",1,0.748233688053137,-0.22055554005468,"8","22","240","2","1","4"
"social",0,-0.835432592816608,-0.203746841730202,"8","13","160","2","4","8"
"social",1,-0.908565260360131,-0.155629223579002,"17","43","160","2","7","1"
"social",0,-0.984038740734825,2.92834645799437,"10","64","160","3","7","6"
"social",0,-1.0539793907813,0.838704147460473,"8","43","240","3","7","4"
"social",0,-0.220011619385366,0.104244876071609,"8","14","160","2","7","2"
"social",2,2.05128616407111,-0.102917379403244,"8","22","220","2","7","5"
"social",0,-0.473954344706233,-0.105985608091023,"8","16","160","2","7","2"
"social",6,0.373703635065936,-0.173850281140711,"8","14","220","2","4","5"
"social",0,-0.734281105021201,-0.13293407169797,"8","43","330","2","4","6"
"social",0,-0.490269100802267,-0.060725176442728,"8","14","160","2","4","2"
"social",0,-0.508002531341433,-0.109849303475633,"8","14","160","2","7","5"
"social",0,2.84716252666891,0.655616935075441,"8","22","220","2","1","2"
"social",2,1.66115069220944,-0.176058107074774,"8","21","210","2","2","2"
"social",0,0.150262410272435,0.232470860798015,"8","16","310","2","2","2"
"social",1,2.10448645568861,-0.203704633293227,"8","22","210","2","4","2"
"social",1,0.539688544912536,-0.0711798816010859,"8","14","210","2","1","6"
"social",0,-0.805782296955121,-0.174590552189191,"8","14","160","2","4","5"
"social",2,2.88121071330411,-0.221864001600896,"8","16","210","2","3","3"
"social",2,3.32880250011268,-0.193126549626789,"8","21","220","2","1","5"
"social",0,0.977349610619171,-0.162804657864707,"8","14","210","2","2","2"
"social",0,-0.881113909885501,-0.217188605505233,"8","13","110","2","7","8"
"social",0,-0.183126083863899,-0.216227551863347,"8","14","310","2","3","5"
"social",3,0.795759281898103,-0.198155847232471,"8","14","210","2","2","2"
"social",0,-1.06667652704734,-0.194233709396665,"8","64","210","2","4","6"
"social",0,-1.02333602280962,-0.181765986474896,"2","14","150","3","7","4"
"social",0,-1.12860166649011,3.55270664493605,"22","43","930","2","7","8"
"social",2,0.536851196026269,0.04411408739683,"8","44","160","2","4","7"
"social",1,0.571608719883036,-0.129505447894484,"8","16","240","2","3","4"
"social",1,0.784409886353037,-0.142038106873136,"8","22","220","2","3","4"
"social",0,-1.08072140403436,3.24835783992545,"22","43","930","0","0","0"
"social",0,-0.716122072149094,0.0775886247206405,"8","44","530","2","7","6"
"social",0,-0.882532584328635,0.418463961728615,"28","43","990","2","4","8"
"social",1,-0.520770601329634,-0.169817752008202,"8","16","950","2","7","6"
"social",1,1.42990675797871,2.18688707967339,"8","14","220","2","2","2"
"social",0,0.0353497803786346,-0.0474652336269722,"8","14","160","2","3","5"
"social",1,-0.00933846458006547,-0.123050803840193,"28","16","220","2","2","5"
"social",0,-0.560777220625994,-0.205662455408286,"8","14","210","2","3","6"
"social",1,0.0183256870610346,-0.213389846177507,"8","13","330","2","1","8"
"social",0,-1.16435226245707,2.21038419185694,"22","43","930","2","7","2"
"social",1,-0.663702051475317,-0.200532506914433,"8","14","160","2","7","6"
"social",0,-0.999786027053605,-0.197967532667507,"8","43","220","2","7","6"
"social",0,-0.927646431620275,-0.19322720051496,"8","16","310","2","4","7"
"social",2,2.69891104736148,0.253562092074007,"8","16","240","2","4","2"
"social",2,0.87520505071357,2.41663084892972,"8","21","220","3","7","5"
"social",0,-0.756979896111334,-0.0890048292158017,"2","14","160","2","7","4"
"social",2,-0.3916712270045,-0.209211210917008,"8","14","160","2","1","10"
"social",3,-0.649160638433201,0.254344571559462,"28","43","220","2","4","1"
"social",0,-0.254769143242133,0.257899820673872,"8","14","160","2","4","6"
"social",0,-1.01234129587533,0.125901051042493,"23","43","940","2","7","2"
"social",0,-1.0518513791166,0.0932057464012932,"8","64","160","3","7","8"
"social",0,2.84716252666891,0.655616935075441,"8","22","220","2","1","2"
"social",1,-0.178870060534499,0.402690993511441,"8","22","160","2","2","6"
"social",0,-0.721371167588687,-0.210078107276412,"8","64","410","2","7","8"
"social",1,-0.197312828295233,-0.219633448046924,"8","13","310","2","1","6"
"social",1,0.282908470705402,-0.217266528773494,"8","13","210","2","4","9"
"social",2,0.793631270233403,-0.213750241293214,"8","14","240","2","2","3"
"social",0,0.0225817103904346,-0.193344085417351,"8","22","210","2","2","5"
"social",3,0.377250321173769,-0.223334803289324,"8","14","110","3","3","8"
"social",2,0.75390838582567,-0.2084027570088,"8","16","240","2","4","4"
"social",3,0.241057574632969,-0.221539321316475,"8","14","160","2","4","9"
"social",2,0.230417516309469,-0.216656129838783,"8","13","310","3","1","6"
"social",1,0.0154883381747679,-0.213782709321656,"8","14","210","2","2","4"
"social",0,-0.555386257742087,-0.217058733391465,"8","14","110","2","5","8"
"social",0,-0.146240548342433,-0.129960000292673,"8","16","210","2","3","5"
"social",0,0.265884377387802,-0.209815116246031,"8","15","120","2","2","8"
"social",0,1.25257245258704,-0.213961283478088,"8","14","210","2","2","1"
"social",1,-0.112901698928799,-0.220727620605423,"8","14","310","2","3","6"
"social",2,-0.0497706862093656,-0.220149689699153,"8","14","120","2","1","6"
"social",0,-0.441324832514167,-0.218487326642918,"8","14","310","2","4","4"
"social",6,0.782281874688337,-0.206217658694646,"8","14","210","2","4","3"
"social",0,-0.441324832514167,-0.218487326642918,"8","14","310","2","4","4"
"social",0,-0.961978353144101,-0.201506547767696,"8","43","310","2","7","8"
"social",0,-0.614119379687807,-0.220221119361726,"8","13","330","2","1","8"
"social",0,-0.799327328238864,-0.114784443798833,"8","14","310","2","2","7"
"social",2,2.65422280240278,0.336732193731304,"8","21","220","2","2","2"
"social",0,0.0211630359473013,-0.128696993986275,"8","14","240","2","7","7"
"social",1,0.66665990757297,-0.124713166896429,"8","15","160","2","3","5"
"social",2,0.742558990280603,0.557167379233289,"8","14","160","2","3","5"
"social",0,-0.200150177181499,0.00171084225144049,"8","44","160","2","7","1"
"social",0,0.409170496144269,-0.150466807056707,"8","13","240","2","4","5"
"social",1,0.242476249076102,-0.118476058632701,"8","14","160","2","4","5"
"social",1,-0.366844424249666,0.01943838578083,"8","44","160","2","7","2"
"social",0,0.508477707163603,-0.112615579498901,"8","13","220","2","4","2"
"social",1,-0.290236004320466,0.432269367422199,"8","14","160","3","4","3"
"social",2,-0.579078120942414,-0.119391657034768,"8","15","160","2","4","4"
"social",1,0.236801551303569,0.227324678289942,"8","14","160","2","4","5"
"social",3,0.288583168477935,-0.15292139000693,"8","13","160","3","8","5"
"social",1,3.41392296670068,-0.129239210061259,"8","21","240","2","4","5"
"social",0,0.0651419436844347,-0.0474392592042185,"8","14","160","3","4","5"
"social",2,-0.254059806020566,-0.0529003815881806,"8","43","160","2","4","1"
"social",1,-0.246966433804899,-0.153064249332075,"8","22","220","2","4","7"
"social",0,0.254534981842735,-0.176421748993326,"8","13","240","2","4","5"
"social",2,0.283617807926969,1.48128214516102,"8","22","240","2","7","1"
"social",0,-0.263990527122499,0.491390400412428,"8","14","330","2","4","2"
"social",0,-0.766201279991701,-0.111667513068391,"8","43","240","2","4","7"
"social",1,3.29262630181278,0.354898055644662,"8","21","240","2","2","5"
"social",0,-0.717611680314384,0.773313538178072,"8","44","240","3","4","5"
"social",0,-1.01390183776278,0.0684975767568511,"8","43","160","3","7","8"
"social",0,-0.805072959733554,0.307884350460493,"8","14","330","2","7","4"
"social",0,-1.0539793907813,0.838704147460473,"8","43","240","3","7","4"
"social",0,-0.220011619385366,0.104244876071609,"8","14","160","2","7","2"
"social",2,0.87520505071357,2.41663084892972,"8","21","220","3","7","5"
"social",0,-0.473954344706233,-0.105985608091023,"8","16","160","2","7","2"
"social",6,0.373703635065936,-0.173850281140711,"8","14","220","2","4","5"
"social",0,-0.5172239152218,-0.117446822131086,"8","13","220","2","7","6"
"social",1,0.800015305227503,-0.207867034539505,"8","14","220","2","2","5"
"social",0,-0.490269100802267,-0.060725176442728,"8","14","160","2","4","2"
"social",0,-0.508002531341433,-0.109849303475633,"8","14","160","2","7","5"
"social",0,2.84716252666891,0.655616935075441,"8","22","220","2","1","2"
"social",0,-0.61617645763035,-0.119044249130437,"8","14","160","2","2","5"
"social",0,0.409170496144269,-0.150466807056707,"8","13","240","2","4","5"
"social",2,1.89097595199704,-0.118592943535092,"8","16","240","2","3","3"
"social",2,3.41392296670068,-0.129239210061259,"8","21","240","2","4","5"
"social",0,0.0651419436844347,-0.0474392592042185,"8","14","160","3","4","5"
"social",1,-0.254059806020566,-0.0529003815881806,"8","43","160","2","4","1"
"social",0,-0.263990527122499,0.491390400412428,"8","14","330","2","4","2"
"social",1,0.283617807926969,1.48128214516102,"8","22","240","2","7","1"
"social",0,-1.01390183776278,0.0684975767568511,"8","43","160","3","7","8"
"social",0,0.87520505071357,2.41663084892972,"8","21","220","3","7","5"
"social",0,-0.5172239152218,-0.117446822131086,"8","13","220","2","7","6"
"social",0,-0.490269100802267,-0.060725176442728,"8","14","160","2","4","2"
